,nickname,text,score,like,dislike,time,watch_movie
0,야후예스(eocj****),블랙핑크ㅋㅋㅋ그 순간부터 대사 집중 안되고 노래만 귀에 맴돔,10,2336,419,2017-11-15 17:06:00,관람객
1,Mu(prau****),슈퍼맨 혼자만 너무 쎄서 밸런스가 무너졌다. 나머지 멤버 없어도 이길 수준? 배댓슈에선 슈퍼맨 뺨치게 강하고 본인 영화에선 신과 맞짱 뜨던 원더우먼이 왜 이렇게 약해진거냐..,6,1963,292,2017-11-15 19:47:00,0
2,yks0****,배트맨 능력은 돈이래ㅋㅋㅋ제일부럽냉,10,1277,182,2017-11-15 07:54:00,0
3,jinj****,혼자선 세상을 구할수 없다고???틀렸어 슈퍼맨은 혼자서 세상을 구할 수 있어ㅋㅋㅋ,6,1143,111,2017-11-16 04:08:00,0
4,블랙님(jgki****),예전 DC영화처럼 무겁지도않고 재밌게 봤음원더우먼은 봐도봐도 예쁘네,10,1331,412,2017-11-15 14:46:00,관람객
5,JM(wjda****),마지막처럼~ 마지막처럼~~,10,1105,260,2017-11-15 07:24:00,0
6,alsw****,플래시 : 그래서 초능력이 뭐에요?배트맨 : 난 부자야,10,649,102,2017-11-15 17:28:00,관람객
7,advkfj5454(zxcv****),볼만은하다... 그래서 더 아쉽다. 각 캐릭터 솔로영화 이후 나왔다면 지루할수 있는 부분들이 풍성한 액션 스토리에대한 이해들로 다 채워졌겠지만 아쉽다... 그래도 분명 배댓슈이후로 정신은 차린건같다,10,719,208,2017-11-15 17:43:00,관람객
8,이영국(lyk3****),15시에 개봉인데 아침부터 테러하는놈들 뭐야?,10,725,294,2017-11-15 07:31:00,0
9,애교만점(kanp****),전반부는 조금 지루하내요. 후반부 액션신은 볼 만하나 슈퍼맨이 오버파워라 캐릭터간 밸런스가 너무 맞지않는것같음 슈퍼맨만 있으면 다 나머지 멤버가 머가 필요하지 생각이 듬,5,607,190,2017-11-15 22:24:00,관람객
10,이한이유하(blue****),"무식한 것들이 시리즈로 제작된 걸 전 편을 안 보고 와서는 슈퍼맨이 왜 죽었는지, 왜 안 나오는지 이해 안된다고 씨부리네. 반지의제왕 1~3편 중 2(두 개의 탑)만 보고 왜 쟤들이 싸우는지 모르겠으니 영화 못 만들...",10,1054,637,2017-11-15 14:13:00,0
11,찬엔드라이브(kych****),배트맨은 그냥 스폰서일뿐,6,481,92,2017-11-16 03:57:00,관람객
12,장보근(bogl****),마블과는 다른 색깔의 느낌영웅들의 캐미또한 최고였다(시사회가서 봄),10,684,301,2017-11-15 00:00:00,0
13,땡준(yssj****),제발 이번에는 싸우다가 힘들어도 마사 부르지말자,10,562,196,2017-11-15 07:15:00,0
14,글쎄내가(rnrf****),러닝타임이 좀더 길었으면 하는 아쉬움이 있네요...장면장면이 짧고 휙휙 지나가는 느낌이 나요. 살짝 유치한 느낌도 좀 낫지만 그래도 액션은 시원시원합니다. 쿠키영상은 2개입니다,8,439,109,2017-11-15 17:09:00,관람객
15,황재연(deu9****),dc가 조낸 급하긴 급했나봄,8,381,66,2017-11-15 11:46:00,0
16,쿠쿠(djhl****),원더우먼 존멋!!!!,7,395,85,2017-11-15 17:23:00,관람객
17,comt****,결국엔 슈퍼맨? 애들너무 약하다 ...,1,410,131,2017-11-16 19:09:00,관람객
18,유리엘(war1****),"디씨 영화평은 늘 이런식 ㅋㅋㅋ 거의 자포자기 수준으로 그래 이정도면 선방, 괜찮다, 다음을 기대하자, 얼마나 그동안 재미가 없었으면 이정도는 봐주자는 식의 리뷰냐",1,400,134,2017-11-15 22:06:00,0
19,김현균(hyeo****),나쁘지는 않았는데 개연성이 좀.... 솔직히 10점짜리 영화는 아님,7,379,122,2017-11-15 17:15:00,0
20,도용좀하지마(a200****),자막 누가했냐? 웃기는장면인데 안웃겨어쩔거냐 자막 만든놈아,7,305,58,2017-11-16 00:38:00,관람객
21,kdlz****,저스티스 리그라기보단 그냥 슈퍼맨 인거같은데,5,304,62,2017-11-15 17:15:00,0
22,낚시왕김삿갓(doub****),아....난 힘들드라..초반은 괜찮았는데...마지막은....아쿠아맨의 능력은 뭔지 잘몰겠고..포크들고다니고...플래시를 ㅂ ㅅ 만들어놨네....스피드느낌은 TV가 훨나음....슈퍼맨은졸쌔네...슈퍼맨이플래시를스피드로...,7,324,82,2017-11-16 03:26:00,0
23,서어새앵(sonc****),히어로 영화에도 개연성은 필요하다.,5,301,83,2017-11-15 17:13:00,0
24,하드랜딩(woon****),마음을 비우고 봐라. 마블과는 비교하진 말고,7,256,53,2017-11-16 16:44:00,관람객
25,glac****,아직도 많이 부족하다!!!,4,325,129,2017-11-15 21:24:00,관람객
26,지진(eart****),DC의 다채로움에 박수를  feat.  블랙핑크,8,277,85,2017-11-15 17:42:00,관람객
27,난다손(minh****),슈퍼맨 혼자만 있어도 인류를 구할 수 있다는 걸 보여주는 영화 ㅋ,8,223,34,2017-11-15 19:19:00,관람객
28,님(empe****),재밌음ㅋㅋ쿠키영상2번째까지 보셈ㅋ,9,260,95,2017-11-15 17:12:00,관람객
29,바둥바둥(bato****),플래쉬 달리는 폼  왜 그러니,7,235,72,2017-11-15 17:52:00,관람객
30,이도련(ejmw****),슈퍼맨이 너무 완벽해서 굳이 살려야했나...슈퍼맨이 등장하고 정신차리고난 이후부터 긴장감이라곤 1도 없어진다...플래시보다도 빠를수 있고 원더우먼보다 쌔고 사이보그 같은 눈뽕빔 (?)도...다만 돈이없다....그래서...,6,180,33,2017-11-16 01:11:00,0
31,pcy8****,결국 세상을 구한건 수퍼맨 여친이네,3,150,20,2017-11-15 17:11:00,0
32,파워맨(dhfo****),원더우먼이 멋있게 나온다 제일 좋은듯,10,172,44,2017-11-15 21:08:00,관람객
33,길우(lgw0****),시원시원한 맛에 보는건 좋다. 하지만 캐릭터들을 엮어내는 방법?은 확실히 마블영화가 잘하는구나.. 라는 생각이 들게 만든다.,6,178,51,2017-11-16 03:22:00,관람객
34,루차(dgju****),"작가를 초딩들로 기용해서 썼나? 빌런도 30년 전에나 볼법한 조온나 1차원적인 악당이고, 1%라도 악당이 될 가능성이 있으면 슈퍼맨을 죽여야한다던 배트맨이 1화만에 지구의 운명을 로또에 거네 ㅋㅋ",1,143,21,2017-11-16 14:55:00,0
35,레옹(dosa****),시작하고 나서 ... 원더우먼 이쁘네 ... 중간에 우리나라 K팝이 나오네 ... 근데 원더우먼 이쁘네 ... 끝나고 원더우먼은 겨드랑이도 이쁘네 ...,10,153,32,2017-11-16 10:54:00,관람객
36,Vai Cavalo(dand****),큰 기대는 안 하고 보는게 좋음,6,202,87,2017-11-15 17:01:00,0
37,kjpg****,왜 항상 서로 죽일듯이 싸울려다가 뜬금없이 화해하냐....ㄷㄷ,4,162,51,2017-11-16 02:59:00,관람객
38,박범진(pj12****),DC가 드디어 부활했다,10,493,394,2017-11-15 07:09:00,0
39,hsgg****,"오늘 아이맥스에서 보고와서 분노의 평을 남깁니다. 이 영화의 가장 큰 문제 3가지는 영화 전체를 망치는 빌런(약하고매력없고긴장감조차없음), 구멍투성이각본(실소가나옴), 그리고 가장중요할때 액션의부재... 폭망작이라고...",1,134,38,2017-11-16 01:25:00,0
40,정성욱24세(waw5****),불친절해도 너무 불친절하다 빌런인 스테판울프는 지구에 왜 왔는지 어디서 왔는지 영화가 끝나도 알수가 없고 지구를 공격하는 이유조차 없는 세상불친절한 영화 (엄마가 불러서 왔다는데...)베트맨 찐따 팝콘맨으로 만들고 ...,1,136,41,2017-11-17 18:17:00,0
41,srxj****,의리로봤다DC이놈들아,10,126,33,2017-11-15 19:34:00,관람객
42,맨우진(tkeh****),솔직히 감동이나 교훈따윈 저편에 두고 스토리나 액션만 보는 나에게는 명작이였다.,10,170,78,2017-11-15 07:23:00,0
43,chll****,역동성은 마블보다 더 좋다 하지만 여전히 디씨스러운 전개 조금 아쉬운 부분 ..,8,145,54,2017-11-15 17:50:00,관람객
44,테일러(tail****),기대엪100퍼센트는 미치지못했으니 90퍼센트 이상은 능히 해주었다고 생각함. 다음에 나올 dc유니버스가 기대됨!,10,201,110,2017-11-15 07:42:00,0
45,락사마(ckr3****),슈퍼맨 혼자면 되는데 뭐하러 뭉치냐,4,96,6,2017-11-16 18:46:00,0
46,hht2****,마치 ‘슈퍼맨 곧 부활하니까 너흰 너무 강하면 안돼’라고 하는듯 다들 왜이리 약한지... 굳이 리그 안만들어도 슈퍼맨 혼자서 지구 구해도 될듯,5,108,18,2017-11-18 00:39:00,관람객
47,limg****,배트맨은크리스퍼놀란감독의배트맨으로만끝냈어야했다인간적이고뇌에가득했던배트맨은 총만찌질하게쏘는부동산중개업자로만영화에등장할뿐이다,1,116,30,2017-11-15 22:08:00,0
48,앙기뮤띠(dltj****),"네 아쉬워요 cg 아쉽고, 후반부 긴장감 없어지고, 빌런 아쉽습니다. 그래도 원더우먼은 이쁘고, 아쿠아맨 섹시하고, 플래쉬 유쾌하고, 배트맨 멋있고, 슈퍼맨 OO고, 블랙핑크는 사랑입니다. 펔 마블!! 까진 아니라도...",8,153,68,2017-11-15 21:54:00,관람객
49,slim****,간신히 평타만 쳐줬는데도 눈물이 다 나올 거 같네,8,91,15,2017-11-16 05:34:00,관람객
50,Theodore(pste****),"12세 관람가인 건 좋은데, 딱 12살짜리들만 만족할만한 수준으로 만들었음. 마블이 성공한 건 42살짜리 덕후도 즐길만한 암시와 함축, 깨알 드립, 딴만, 짠맛, 쓴맛, 신맛으로 맛깔나게 요리를 해주기 때문인데......",6,97,26,2017-11-16 01:22:00,0
51,우르드(kimd****),"반쪽짜리 부활, 왜  dc가 망하고 마블이 떳는지 명확하다",5,77,13,2017-11-16 01:21:00,0
52,jhy4****,후반에 너무 전투같지 않은 전투하다 끝.,7,106,44,2017-11-15 20:45:00,관람객
53,느림보(ooxx****),너무 기대가 컸네요이도저도 아니었음,5,128,66,2017-11-15 17:32:00,관람객
54,무빙장인(whda****),확실히 저번 작품보다는 월등히났다.과연 이 영화로 DC의 반격이 시작될지.. 그것이 의문임,9,121,60,2017-11-15 00:30:00,0
55,라이언(joyj****),혼자서는 세상을 구할 수 없다(X) 있다(O) 진짜 혼자 구함,10,71,13,2017-11-16 09:56:00,관람객
56,Uiiu(drag****),슈퍼맨을 부활시키기위한 팀...,6,60,4,2017-11-15 17:28:00,0
57,yyym****,잘 모르겠음 그냥 그냥 본거 같음,6,72,17,2017-11-15 22:31:00,관람객
58,RootKim(jwki****),토르2보다 재미없었다  절대 8점대 영화가아니다,1,69,15,2017-11-17 00:49:00,0
59,LOVE Seeker(gksa****),슈퍼맨 >>>> 악당 > 배트맨 + 원더우먼 + 아쿠아맨 + 사이보그 + 플래쉬탈탈 털리던 저스티스리그가 슈퍼맨 부활 시키고 그냥 상황역전 ㅉㅉ,5,87,34,2017-11-15 17:36:00,관람객
60,준이(asic****),한창 재밌게보고 있는데 지진때문에 쫒겨남.,1,192,139,2017-11-15 17:34:00,0
61,jini****,폼만 잡다 끝난듯..지루함,4,71,20,2017-11-16 17:58:00,관람객
62,박종문(bbi-****),잭 스나이더 제발 각본 좀 못 쓰게 해라.,5,58,8,2017-11-15 21:31:00,0
63,박준석(juns****),한 줄 정리 : 슈퍼맨 죽어서 난리칠라했는데 다시 살아돌아와서 실패함. 끝. 기승전슈퍼맨;;,6,66,16,2017-11-16 03:27:00,0
64,권승리(tmdf****),맨오브스틸 배댓슈 수어사이드 앞 영화에서 못느낀 알수없는 유치함과 답없는 배트맨 전편에 이은 엄마타령 후반부 갈수록 이게 갤가돗 화보영상인지 영화인지 구분이 안됬다. 오징어 처럼 흐느적대는 플래시는 덤,2,62,15,2017-11-17 09:59:00,관람객
65,JGH(paga****),믿고 거르는 dc 시네마~,1,70,27,2017-11-16 13:46:00,0
66,best****,"다크나이트야 말할 필요없는  명작이고 맨오브스틸의 액션은 신기원수준으로 흥미진진했는데  배대슈,수어사이드스쿼드에서 너무 망했음, 그 중간쯤 위치할 만한 영화인데  너무 많은걸 한번에 담으려하니 영화완성도가 부족한편,...",7,45,3,2017-11-16 16:45:00,0
67,노블레스(blue****),전에 비해 볼꺼리는 많았다 근데 너무 삭제 장면이 많아서 배트맨 v 슈퍼맨 처럼 노컷감독판을 봐야 더 재밌을꺼 같다.. 그리고 배트맨을 너무 호구 처럼 만들어놔서 배트맨 불쌍하게 느껴질 정도다.. 역시 실질적 주인공...,8,45,7,2017-11-15 21:20:00,0
68,브리(bb33****),아주 재미없는것은 아니지만....이미 더 재밌는 것을 보았는데 그보다 못한 것을 본 느낌. 이미 답을 알아서 식상한 느낌.ㅠㅠㅠ비추입니다,5,51,13,2017-11-15 17:33:00,0
69,초류향(tnsd****),마블에 어벤져스 있다면 DC는 저스티스리그 있다.,10,234,198,2017-11-15 00:04:00,0
70,짱똘(dlsu****),진심 너무 노잼이다 나 영웅이야 멋져?하는 씬이 너무많아 디씨는 한참 멀었다,5,41,6,2017-11-16 19:14:00,0
71,맨시티no 20베실바(hjk0****),Dc가 이 정도 반격을 해줘야 마블과의 경쟁이 재밌지.,8,162,127,2017-11-15 00:23:00,0
72,진진(aaai****),관람객 평점이 네티즌 평점보다 더 낮은데 그럼 평점 테러를 하는게 아니라 알바들이 10점 찍는다고 보는게 더 정상 아님?,5,38,4,2017-11-15 13:24:00,0
73,yoon6427(vicb****),진짜 예고편이 전부다 악당들도 보스빼곤 종류도없고 민간인도안나옴  무슨 컴퓨터게임 CG인줄,1,40,7,2017-11-18 12:05:00,관람객
74,아콘(brai****),잡탕 찌개 끓이다가 라면수프 넣었는데 그저그래....,6,41,8,2017-11-16 03:34:00,0
75,Zenophy(phan****),DC는 아직 갈 길이 멀구나... ㅠ_ㅜ 그래도 응원한다.. 전작인 원더우먼이 더 나았던 거 같아.,6,36,4,2017-11-15 21:26:00,0
76,기타맨(pilm****),아 후반부 연출 진짜....,5,38,6,2017-11-16 01:16:00,0
77,papa****,슈퍼맨 vs 베트맨을 재밋게 본사람입니다..너무 하네.. DC가 돈이없나 감독이 문젠가..해도해도 너무 유치하자나..어설프게 어벤저스빼낀 느낌(특히 번개맨인가 웃기지도 않고~ 아쿠아맨인가는 토르따라할라는거같은데 짝퉁...,5,50,18,2017-11-16 03:22:00,0
78,fldz****,다 모였다 초딩 꿈동산..,1,34,3,2017-11-17 13:20:00,0
79,cown****,유쾌하지도 않고 진지하지도 않고.. 제목을 원더우먼 리그로 바꾸는게 나을듯 원더우먼 빼면 볼거없는 영화,4,35,4,2017-11-15 23:08:00,0
80,유니콘(mj10****),매끄럽지 못한 스토리 너무나도 싱거운 악당 캐릭터의 밸런스 붕괘 그리고 배대슈보다 못한 음악까지 솔직히 기대 이하였다. 그리고 사라진 50분,4,36,5,2017-11-17 00:54:00,0
81,Lovelifesong(doth****),저 포스터 만든 새기 영화도 안처보고 만들었네 혼자서 구하드라 새기야,1,39,8,2017-11-17 00:34:00,0
82,오렌지(asd7****),설명충이 짜증날때도 있지만 필요한순간도 있는 법이다 이 영화에는 설명충이 없다. 너무 생략이 많어..,5,40,9,2017-11-16 01:42:00,관람객
83,에아노르(epql****),뉘들은 이런거보지마라. .똥은 나만맛본다 히히,3,43,12,2017-11-17 12:30:00,관람객
84,moungnym(lmd1****),글쎄요 아직 저스티스리그를 하기에는 다른 캐릭터 에 대한 홍보가 더 필요하지 않을까요,7,34,4,2017-11-16 23:37:00,관람객
85,양구와끼(ckdw****),정말 솔직하게 말합니다.내용 너무 무난해서 재미 없습니다.,5,40,10,2017-11-15 21:22:00,0
86,넬(rlas****),그냥 첨부터 슈퍼맨깨우지그랬냐,8,34,5,2017-11-17 19:18:00,관람객
87,르네상스(imjo****),마블 스튜디오가 강세를 이어가고 있는 만큼 DC는 DC만의 길을 걸었으면 좋겠다. DC 특유의 연출과 진지함은 어벤져스를 따라가다가 빛을 바랬다. 조각난 개연성은 덤,5,31,3,2017-11-16 14:35:00,0
88,28sh****,예고편+슈퍼맨 하드캐리! 끝! 슈퍼맨 나오는 순간 나머지 캐릭 존재감 떨어짐.어벤져스 캐릭터와 많이 겹침.기대했건만 많이 아쉬움. 스토리 기대안했지만 설명이 너무 모자름 디씨코믹스 팬들은 모르겠지만 일반인이 봤을땜 ...,5,27,1,2017-11-16 01:04:00,0
89,OULLMOON(il99****),저스티스리그 : 혼자선 구할 수 없어! 모두 함께 그를 부르자!!,1,29,3,2017-11-19 03:18:00,0
90,노아어뭉(cute****),적당히 재밌음.배트맨의 수퍼파워는 돈 이었음ㅋ은행을 사버리는 배트앤의 위엄.,7,33,7,2017-11-16 00:40:00,관람객
91,hyob****,너무나 지루하고 유치하기 짝이 없네,1,29,4,2017-11-17 17:54:00,0
92,박종석(afga****),영화상영시간이 짧았음 3시간정도 해도될거같은데...히어로들이 모여지는 과정이 절반 살짝 지루하기도마지막 결투씬들은 볼만했음,5,29,4,2017-11-16 09:29:00,관람객
93,단비꺼얌(moki****),15일 0시 되니까 적는 애들뭐냐ㅋㅋㅋ ㅋ 엠바고냐 작작해라 평점 조작들아,7,44,19,2017-11-15 07:08:00,0
94,천본앵(jisu****),혼자서는 세상을 구할수 없다?슈퍼맨만 있음 구할수있다,1,26,2,2017-11-18 14:32:00,0
95,채소호빵(ente****),슈퍼맨>>>>나쁜놈>>>>나머지,6,26,2,2017-11-15 21:31:00,0
96,반갑다야(uoul****),중간 중간 유머씬을 야구로 비유하면 타율 1할 수준.. 웃는사람도 거의없더라.. 액션신도 뭐 ㅋㅋㅋ 분발혀라,1,36,12,2017-11-16 13:46:00,0
97,whit****,블랙핑크 지수 이뻐요오,6,46,22,2017-11-15 23:09:00,관람객
98,vivien(dead****),아마존 여전사들만 멋있음... 오글거리는 장면 많구 클리셰 덩어리라 좀 신선도가 떨어짐...그리고 슈퍼맨이 너무 쌔서 다른 애들이 굳이 필요한가? 이런 생각이 듬,5,23,0,2017-11-17 00:57:00,0
99,baron(zemo****),배트맨을 찐따로 만들었어,1,25,2,2017-11-23 11:41:00,0
100,stor****,"솔직하게 지루했다..평론가들한테 뭔가 평점딜한것같고, 평점알바 미리투입한것같다. 원더우먼은재미있었는데...평식형님말이맞다. 흩어져야산다. 원더우먼 시리즈에 올인이나해라ㅡㅡ",1,28,5,2017-11-18 14:25:00,0
101,마법대소녀(happ****),영화 제목 바꿔라슈퍼맨 리턴즈로슈퍼맨 혼자 다하네...슈퍼맨과 그의 아이들 .,7,24,2,2017-11-15 18:37:00,0
102,whoa****,"돈아깝다, 진심 ㅜㅜ토르나 다시볼걸...재미도 스토리도 액션도 그닥",4,27,5,2017-11-16 00:48:00,0
103,동코(wwdd****),슈퍼맨과 아이들 같은느낌,7,27,5,2017-11-15 17:14:00,0
104,윤형인(godz****),배대슈에서 그렇게 멋있는 배트맨 만들어놓고선 이제와서 어줍잖게 마블 스타크 흉내낸답시고 다크나이트를 말장난이나 해대는 물주로 전락시켜버린 DC에게 더이상 희망은 없다,1,22,1,2017-11-19 22:07:00,0
105,scatterbrain(yhki****),"배트맨은 너무도 나약한 한낱 인간에 불과하다. 파리같은 쫄다구 한 마리에 쩔쩔매는 그가 너무 안쓰러워 콧물이 나올 지경이었다. 그러나, 당신의 능력은 무엇이냐는 플래시의 질문에 당당히 '돈'이라 말할 ...",7,22,1,2017-11-17 13:54:00,0
106,좌염소우타조(xiao****),혼자서는 평점을 구할 수 없다.,8,24,3,2017-11-16 23:16:00,0
107,토모(tomo****),혼자서는 세상 을 구할 수 없다더니 슈퍼맨이 혼자 구할듯,6,24,3,2017-11-15 21:27:00,0
108,김진호(rlaz****),정말로 영화 다보고 나왓는데.뻔한 결말 스토리는 초반부분에 짜집기한마냥 이어지지도않는 편집 여기서 정말 실망햇습니다 그리고 슈퍼맨이 돌아오고나서 정말 안나오더군요 그리고 막타로 슈퍼맨혼자 다해버리고 정말로 궁금한게잇...,4,24,3,2017-11-15 18:39:00,0
109,씨즈(kims****),벤 에플렉의 배트맨도 상당히 괜찮아지기 시작했다,7,44,24,2017-11-15 18:22:00,관람객
110,lees****,토르 볼껄 그냥ㅜㅜ 하루죙일 입으로 떠들면서 애들 모으다가 아이언맨같은 느낌에 사이보그 나오고 스파이더맨 캐릭터 따라하는거 같은 번개맨.  물 안쓰고 쇠파이프 쓰는 아쿠아맨... 결국 원펀맨 같은 수퍼맨 등장으로 1...,3,21,2,2017-11-16 09:48:00,0
111,건(emer****),원더우먼 시선 강탈. 앞으로 DC에선 필수캐릭이 된 듯,8,26,7,2017-11-16 00:52:00,관람객
112,gram1st(wjdw****),그냥그러더라 결말 허무하고 그랳어 그냥,1,28,9,2017-11-18 02:10:00,관람객
113,swze****,액션은 볼만해요. . 단지 스토리나. . 마지막 영웅들 서있는 장면 좀 유치함 ㅋ,8,30,11,2017-11-16 13:44:00,관람객
114,준팔(tops****),"디시는 정말 끝난듯 하다.. 원더우먼 보고 잠깐 기대했던 내가 바보지.. 잭스나이더는 정말 극본은 안되겠다. 과도한 cg로 몰입감도 떨어지고, 스토리의 개연성은 정말 최악이다. 건진거라고는 1도 없는 영화",6,34,15,2017-11-15 16:59:00,0
115,예낑(ko71****),그냥저냥 디씨치고 잘만듬,8,42,23,2017-11-15 20:41:00,관람객
116,718(niko****),포스터 진짜 개극혐 '지구를 지켜라'급,1,18,0,2017-11-18 15:39:00,0
117,anim****,대체 배트맨은 하는게 뭐냐?,1,19,1,2017-11-28 04:27:00,0
118,박미희(sale****),마블처럼 솔로무비를 좀더 진행한후 나왔더라면...,7,21,3,2017-11-15 17:25:00,0
119,kimc****,모여라 초딩 꿈동산...,1,25,7,2017-11-17 11:46:00,0
120,현(kbs1****),이게   마블의 대항마라고? 혹시 dc팬분들은 보고 평점 하신거 맞음? dc팬들은 빌런이 약하고 급전개 스토리에 맛들이셨네 이래서 dc가 고쳐지지 않는거에요 (제발 영화 좀 보고 평점하자 dc빠들아. .),1,30,12,2017-11-15 23:14:00,0
121,벼리(leej****),히어로들 등장씬 지럈다 특히 원더우먼,8,19,2,2017-11-17 15:23:00,관람객
122,Toriko(cjsd****),혼자서는 세상을 구할수 없다슈퍼맨  :  되는데요?,1,21,4,2017-11-17 18:35:00,0
123,대륙간핵탄도탄(sera****),여기 나오는 케릭터 스토리 알고 보는데도 좀 그렇네요.. 전작들 보고 보시는걸 추천합니다 이해 안될수도 있어요,7,23,6,2017-11-15 22:20:00,관람객
124,라데(lang****),"재미는 있는데, 결국 슈퍼맨 없으면 아무것도 안되는 거야? 다음편 부턴 그러지 말길 바래. 여튼 갤가돗은 진짜 이쁘다.",8,17,1,2017-11-16 22:13:00,0
125,프렌즈(dwa7****),시원하고 화려하고 통쾌하다 하지만 내용 너무예상되고 빌런이 너무약함 그냥 스트레스풀이로 보셈,7,18,2,2017-11-15 23:41:00,관람객
126,vs58****,세상은 혼자서도 구해지던데요,1,19,3,2017-11-22 21:11:00,0
127,Keepforever(qwer****),그렇게 어머니 찾는데 스토리는 어머니 어디 계시냐,1,20,4,2017-11-17 17:59:00,0
128,GHOST(dude****),뭔가 허술한 부분도 있지만 나름 선방한 느낌.. 런닝타임이 다소 짧은 듯하다 DC영화의 희망이 보인다,8,22,6,2017-11-15 17:50:00,0
129,다이어트(jeh1****),영화보다 기억에 남은 장면은 블랙핑크 ㄷㄷ 오졌다 솔직히 dc가 마블에게 밀리는 점이 확실히 있는데..정작 고치는거 하나 없네,1,26,10,2017-11-16 09:11:00,0
130,백봉현(bomt****),마블이던 DC던 뭐가중요하죠? 서로재밌게만들어서 우린 즐기면될뿐인대 왜서로댓글로 까고 못잡아먹어안달이죠,9,30,14,2017-11-15 15:11:00,0
131,hsm3398(hsmh****),마지막이 좀 시시하지만 두시간러닝타임치곤 잘만들었다,8,43,27,2017-11-15 18:21:00,관람객
132,알렌(once****),영화 한줄요악. 초딩  5명이 중딩이랑 싸우다 못이기니까 체대생 불러서 정리하는 영화. 끝.,5,15,0,2017-11-22 19:12:00,0
133,레이아드(top1****),케릭터들이 아까워 죽겠다... 배댓슈에 저스티스 리그까지 보고나니 맨 오브 스틸은 우주 명작이었네,1,16,1,2017-11-22 15:45:00,0
134,한상히짱(hsh4****),노잼 보는내내 토르가 생각났다,1,16,1,2017-11-18 15:57:00,0
135,ghdx****,"망작은 아니에요 망작은 아닌데, 전체적으로는 어벤져스보다 못하지만 액션만큼은 어벤져스에 밀리진 않네요 딱 킬링타임용 영화정도로는 매우 적절합니다",7,18,3,2017-11-16 15:30:00,0
136,마늘(twob****),슈퍼맨 벨붕 영화 ㅎㅎ?,7,18,3,2017-11-15 17:42:00,0
137,김유정(zhdd****),같이 갔던 사람은 졸고ㅋㅋㅋㅋ 나는 오기로봤음말이 필요없음 걍 노잼임 히어로물이 이렇게 재미없을수있구나를 깨달을수있는 시간이었음  히어로물이 진지하니까 오히려 되게 유치하게 느껴짐,1,19,4,2017-11-18 15:43:00,0
138,하얀바람(nfoo****),알바들 ㅋㅋㅋ 8점사수를 위해 총공세구나,1,23,8,2017-11-17 12:35:00,0
139,good****,솔직히 마블과 비교될 수 밖에 없는 지금같은 상황에서 이정도 하술한 구성과 전개라면 진짜 디씨는 암울해질 수 밖에 없을거다.,1,30,15,2017-11-18 10:37:00,관람객
140,또또(imqt****),제작비 어디다 썼냐??,1,14,0,2017-12-06 20:36:00,0
141,이은(leee****),슈퍼맨 > 저스티스 리그,7,15,1,2017-11-15 22:35:00,0
142,리얼한개구리(soda****),불친절하고 부실한 스토리. 어따 팔아먹은건지 모르겠는 개연성. 시덥잖은 개그. 전작보다 오히려 퇴화한 액션. 무력한 배트맨. 영화에서 완전히 빼도 지장없을 아쿠아맨. 결국 혼자 세상 다 구하는 슈퍼맨.,1,16,2,2017-11-19 02:51:00,0
143,아무말대잔치(rngu****),그냥슈퍼맨이 젤 쎈 영화,1,16,2,2017-11-18 14:02:00,0
144,라무네스(juli****),슈퍼맨 살리기. 모두 멋있긴 한데 캐릭터의 토대가 부족한 느낌.,6,16,2,2017-11-16 01:31:00,0
145,Immortal King(batt****),"천 리 길을 한 걸음씩 걸어간 마블과, 한 걸음에 걸어가려는 디씨의 차이인가...",6,16,2,2017-11-15 23:09:00,0
146,kag0****,"확실히 점점 나아지고 있긴 하지만.. 아직은..물에 잠겨도 전혀 흐트러지지 않는 슈퍼맨의 헤어.딱 보니 플래쉬가 개그 치는 역할인 것 같은데, 진심 무표정으로 봄.케릭터들 간에 힘의 밸런스가 너무 차이나서.. 원펀맨...",5,16,2,2017-11-15 22:47:00,0
147,귀찬운데(stdi****),빠르면서 늦게 나온듯한 영화아쿠아맨과 플래시등 여러모로 설명을 하기엔 부족한 분량..  이런점을 보면 아쿠아맨과 플래시 실사영화를 먼저 냈었다면 어땠을까 그런점 감안하고도 나름즐기면서 봤다. 마블보다 빠르게 냈다면 ...,7,16,2,2017-11-15 22:30:00,관람객
148,돈까스윙스(jwe0****),스토리 전개 진짜 재미없고 중간에 싸울때만 좀 재미있고 어머니만 계속 찾고 토르 한 번 더볼걸 ㅠㅠ진짜 돈이 아깝습니다 뻔한스토리 슈퍼맨이 혼자 다 해먹고 하 내 돈 ..,1,18,4,2017-11-23 11:44:00,0
149,샤를(pwl5****),별로였음..실망했음..,1,18,4,2017-11-18 07:58:00,0
150,귀공자(ryu7****),슈퍼맨>>넘사벽>>히어로라고하는애들... 이게 영화냐 ?  행복할때보세요 그래야 분노가  덜할테니 ㅋ,1,18,4,2017-11-18 00:54:00,0
151,김지영(dadd****),진자 재미없어요..지오스톰이 훨 잼잇네,1,19,5,2017-11-23 21:25:00,관람객
152,클린히트(9ed1****),많이 기대 하고 극장 갔는데 좀 아쉽네요처음 원더 우먼 총알막는 부분은 정말 멋져서 엄청 기대 했는데영화시간을 너무 줄여 놔서 여러 영화로 기본스토리를 딴딴히 한 마블에 비해선 좀 아쉬움,8,19,5,2017-11-15 17:10:00,0
153,vlfr****,블랙핑크가 가장 재밌었다,5,22,8,2017-11-15 16:59:00,0
154,당근작가(usp6****),"아니., 캐릭터벨런스 생각안하고 만드냐?타이틀은 혼자서는 이길수 없다매, 슈퍼맨 혼자 다 하네디씨는 그냥 단독 영화만 만드는게 나을듯싶네",4,13,0,2018-07-09 01:03:00,0
155,dua lipa(baoz****),빡칠만큼 재미없어..,1,14,1,2017-11-25 22:09:00,0
156,요리왕김머한(kdh0****),알바새기들아 양심 ㅈ도없냐 별점조작을 해도 양심있게 좀 조작해라 쓰래기들아,1,14,1,2017-11-23 21:20:00,0
157,김희진(jkhe****),제일 기억남는건 마지막 전투에서 슈퍼맨이 등장하자  밝게  웃는 배트맨의 얼굴... 난 그렇게 밝게 웃는 배트맨을 본적이 없어.,5,14,1,2017-11-16 12:40:00,0
158,간지초복(um07****),해결사를 모집해서 해결안되니 결국 은퇴하고죽은 해결사를 부른다.  즉 의미없다..,5,14,1,2017-11-16 00:43:00,0
159,조우빈(whdn****),무난했지만 디씨가 아직 마블에게는 안 되는 이유를 보여준 것 같음,6,15,2,2017-11-16 21:49:00,0
160,perse(pers****),역시 배트맨은 사람이고 슈퍼맨은 초능력자다,10,16,3,2017-11-18 21:53:00,관람객
161,동네(dwle****),좀 시간들여서 제대로 만들어라 마블이 잘나가서 배아프다고 닥달났네 앞으로 이딴식으로 만들려면 디시도 디즈니에 팔아라 그냥,4,17,4,2017-11-17 12:47:00,0
162,실딱(thom****),에즈라 아니였음 뛰쳐나왔다 시작부터 액션신 발로찍는거같더니 러닝타임의 1/5 나오는 액션신을 슬로모션범벅해놔서 더 지루했다 처음 인물소개까진 좋았는데 막판에 악당하고싸워도 졸리드라,2,19,6,2017-11-16 01:12:00,0
163,oopo****,마블 디씨 비교하지 말고  둘다봐요.,10,19,6,2017-11-15 15:41:00,0
164,방다솜(tree****),디시 영화가 왜 망하는지 알 수 있는 표본. 유치하고 이것저것 잡스럽게 넣은 망한 영화,1,20,7,2017-11-19 19:35:00,관람객
165,HeadAxe(tis1****),"이거 츠지하라를 탓이야, 아니면 조스웨던 탓이야?",6,21,8,2017-11-15 20:43:00,관람객
166,ski(boxi****),디씨 망테크타능거보니까 싹다 접고 배트맨 리부트 또 해야될판이네. 다크나이트때문에 디씨빠였는데 어느새 마블빠로 변해있는 내 모습. 좀 시빌워 참고라도 하지..,5,21,8,2017-11-15 17:25:00,0
167,청설모(solm****),개망 감독이 갈려야 산다 이정도 배우에 이 스토리로 못살리다니,1,30,17,2017-11-15 17:27:00,0
168,sonm****,"시사회에서 봤습니다솔직히 지금까지 나온 마블보다는 퀄리티 있고, 눈이 호강 합니다. 캐릭터 존재감은 확실하고요 스케일 차이가 난다는게 확연히 느껴집니다. 이제 까지 본 마블은 아이들을 위한 오락성이 었으면 DC 는 ...",10,372,359,2017-11-15 08:05:00,0
169,swso****,영화전체가 어벤져스 예고편보다 재미없다,1,12,0,2017-12-02 11:40:00,0
170,킴다(ekdu****),개인적으로 뻔한스토리 악역도 밋밋하고 흥미진진한 요소도 없고 그냥 뻔한 히어로영화,6,13,1,2017-11-16 00:47:00,0
171,아몰랑(ddha****),배트맨을 돈만 많은 찐따로 만들어버린 잭 스나이더.,1,14,2,2017-11-19 13:11:00,0
172,서동민(sjis****),DC 는  왜이렇게  영화를만들까??,1,14,2,2017-11-18 13:37:00,0
173,love****,액션 좋고 볼거리 괜춘합니다. 스토리 전개가 조금 아쉽네요.,8,14,2,2017-11-16 18:40:00,관람객
174,꼬우면우승하던가(hgjj****),인피니티워 예고편보고 들어왔다 디씨 너넨 끝이다,1,15,3,2017-11-30 04:04:00,0
175,밥돌이(nose****),진짜 잘잤다~ 하암 일어나보니까 슈퍼맨 살아있내 ㅋㅋ,1,15,3,2017-11-23 14:58:00,0
176,dsfdsdfsdf(yjle****),스토리엉성 작가가쓰다가휴가간줄,1,15,3,2017-11-19 22:29:00,관람객
177,장웅(jang****),애들이 너무약해요ㅎㅎ,5,15,3,2017-11-18 01:21:00,관람객
178,별명따윈없다(dydd****),갤가돗 엉덩이 너무 섹시한거 아니니?,10,15,3,2017-11-16 20:40:00,0
179,풍류영(mu65****),허접한 잭스나의 부실공사를 곳곳에서 땜빵하느라 뺑이친 조스웨던의 흔적들,6,16,4,2017-11-17 11:37:00,관람객
180,InTheFuture(insi****),"스토리, 액션, 인물이 모두 어정쩡한 영화임다.",3,17,5,2017-11-16 10:07:00,0
181,Johnny depp(sksj****),이번엔 성공하길...,10,23,11,2017-11-15 08:40:00,0
182,원영파파(dlaw****),더 이상 보고 싶지 않다.,1,11,0,2017-12-25 19:23:00,0
183,캡틴아메리카노(blue****),"와 방금 인피니티 워 예고편 보고왔는데, 그 예고편 2분이 저스티스 리그 2시간 보다 더 재밌음ㅋㅋㅋㅋ",1,13,2,2017-11-30 04:11:00,0
184,일루와바(kkbk****),졸작.... 특히 중후반에 늘어지는 대화씬은 매우 지루했음.,1,13,2,2017-11-24 09:35:00,0
185,오이시(lant****),혼자선 세상을구할수없다더니 슈퍼맨 혼자구함ㅋ,1,13,2,2017-11-19 03:43:00,0
186,shadowpax(breg****),기대보다 준수하지만 그래도 눈 높아진 팬들에겐 아직 부족하다,6,13,2,2017-11-15 23:08:00,0
187,바바(seo1****),방금 보고나서 ㅠㅠ망 ㅠㅠ,6,14,3,2017-11-15 17:23:00,0
188,mgum****,너무 지루하고  돈낭비/시간낭비...누가본다면  말리고싶다.,1,15,4,2017-11-22 20:55:00,0
189,도넛(gusd****),뱃찐따... 잘가라 재스나이더,1,15,4,2017-11-22 13:14:00,관람객
190,kate(jink****),기대했는데 실망했다ㅠㅠ,4,15,4,2017-11-16 16:21:00,관람객
191,4885(jeff****),썩은토마토 점수가 말해준다 개 쓰레기 작품이라는 것을 암살닦이보다 조금 나은수준,1,17,6,2017-11-17 19:31:00,0
192,kims****,전반적으로 좋았다 완벽할수는 없지만 잘만들어진거 같다. 영화끝나도 끝까지 앉아 있으면 맨마지막에 앤딩 화면 나오니깐 기다렸다가 보시길 ㅎㅎ,10,17,6,2017-11-17 16:05:00,관람객
193,꿈꾸는다락방(euro****),처음부터 끝까지 진짜 핵노잼,1,17,6,2017-11-17 00:48:00,0
194,띤뚱우(shin****),마블의 독주를 막을 DC의 히어로들 저스티스리그..,10,126,115,2017-11-15 00:01:00,0
195,캡슐로봇(kjik****),기대를너무했는지.얙션이나스토리에조금실망.팬심으로슈퍼맨이돌아온거는환영~~,7,10,0,2017-11-18 08:35:00,관람객
196,하루하루(park****),많은 캐릭터를 담아내기엔 러닝타임이 짧고 내용은 진부한데다 볼거리까지 없음.기대했지만 실망,4,11,1,2017-11-15 20:26:00,0
197,천국을떠난천사(mira****),여윽시 디씨 영화는 다운받아봐야해믿고 거르는 디씨,1,12,2,2017-11-30 04:18:00,0
198,rans****,하...뱉신하면 세계관에 원탑 탐정이며 메타휴먼이 아니더라도 다른 맴버보다 더욱 존제감있는 캐릭턴데 걍 돈만은 모자란 쩌리 병X으로 만들어 놨다. 만약 2가 나온다면 걍 슈퍼맨 기쁨조나 하면서 크립토나이트만 몸빵해주...,1,12,2,2017-11-18 03:56:00,0
199,이규원(dlrb****),어벤져스와 비교 당할수밖에 없는 영화...하지만 어벤져스에 비해 슈퍼맨을 제외하면히어로들이 너무 약하다.,5,12,2,2017-11-16 12:17:00,관람객
200,mase****,그저그렇다 기승전결이 이상하면 감동은 전혀없당..토르랑비교되네,6,12,2,2017-11-16 00:43:00,0
201,더프(axel****),볼만은 한데 역시 밸런스의 문제가 있음.,7,12,2,2017-11-15 23:12:00,0
202,원어민(8kjg****),평점 정상화를 위해서..너무 식상합니다 꼭 게임 동영상 보는듯했어요.,1,17,7,2017-11-18 18:21:00,관람객
203,소비자유통(gkst****),별 기대 안했는데 재미있네요,10,21,11,2017-11-15 22:32:00,관람객
204,이경원(ange****),재미있습니다~!!♡,10,23,13,2017-11-15 22:38:00,관람객
205,백야솔(gksw****),솔직히 불안했는데 기대이상이네요,10,24,14,2017-11-16 01:31:00,관람객
206,우Sense(bang****),어휴.... 어휴....,1,9,0,2017-12-25 20:12:00,0
207,jaie86(jaie****),딱지금 야심한 새벽 하루동안 떨어졌던 평점을 끌어올리기 위해 9~10점 말도 안되는 폭풍 칭찬 평점 알바 글이 쏟아지는 시간임. 개봉일부터 매일 꼬박꼬박 평점 10점 폭탄을 쏟아 부어도 8점을 못넘는 영화가 저스티스...,1,9,0,2017-11-28 00:43:00,0
208,빵내놔(sdri****),대사가 너무 오글거림.. 그렇다고 초딩이 보기도 초반에 너무 루즈함,1,9,0,2017-11-26 18:19:00,관람객
209,cns6****,시리즈라서 보긴봤지만 역대급  최악의 영화다.,1,9,0,2017-11-25 17:37:00,관람객
210,오늘밤새(inst****),슈퍼맨 혼자 해도 될것을 뭐하러 다 모았냐...  ㅋㅋ,7,10,1,2018-02-18 11:09:00,0
211,향비(m_la****),으 노잼이였어요 최악 디씨 실망,1,10,1,2017-12-10 09:13:00,관람객
212,최영준(youn****),개디루지루디루함함함,1,10,1,2017-11-30 01:16:00,관람객
213,crew****,뭉치긴 했으나 슈퍼맨이 혼자 다함 더이상 마사는 없지만 이래저래 구멍뚫린듯한 스토리 엉뚜한 짓한 거에 대한 설명도 없ㅇㄷㅁ,8,11,2,2017-11-16 22:19:00,관람객
214,윤라영봉(ekfh****),마블을 따라잡고 싶었겠지만 아쉽내,1,12,3,2017-11-22 23:04:00,0
215,갱고야(pky7****),망하는데는 이유가 있지팀 영화인데 개인혼자 다끝내면 머하러 팀을 이루나?,1,12,3,2017-11-19 23:25:00,0
216,ario****,앞으로 DC는 원더우먼이 제목으로 나올때만 보기로 결정,1,12,3,2017-11-18 16:22:00,0
217,김한영(akdk****),뭐야 이게 .ㅡ.ㅡ.ㅡ.,6,12,3,2017-11-17 17:20:00,관람객
218,isabel(isab****),진짜 핵노잼 완전 유치 돈아까움,1,13,4,2017-11-23 00:17:00,0
219,사보텐더(utop****),재미없다. 개연성 없는 전개 및 캐릭터들 매력 반도 못살린 연출. 잭 스나이더 바이바이,4,13,4,2017-11-16 21:56:00,0
220,한철희(hanc****),반가운 슈퍼맨의 등장 마지막엔 토끼와 거북이 경주하는줄,8,13,4,2017-11-15 23:12:00,관람객
221,맑은서울(leei****),파트2에 제발 반지닦이 살려주시길 기원해요 아미 해머가 그린랜턴 할 조던 캐스팅에 되었으면 좋겠어요 파트2  그린랜턴 나와야지 북미팬들 실망시키지 맙시다 이제 샤잠은 제일 나중에 나와야해요,10,17,8,2017-11-15 01:28:00,0
222,domo****,올해 가장 기대했던 영화인데 너무 큰 기대를 한것 같다,1,32,23,2017-11-15 22:32:00,관람객
223,킁킁빠(yoka****),"경쟁심리 때문인지는 모르겠지만, 마블처럼 안하고 일단 모였다 식으로 이렇게 영화 내놓고 그러면 지들만 개손해지. DC 특유의 어두운 면을 단점으로 취급하지 말고 장점으로 보고서 15세 이상을 좀 겨냥하고 만들던지.",1,8,0,2019-07-23 19:22:00,0
224,채린(cher****),하찮은 자존심 좀 이제 그만 버리고 그냥 디즈니한테 판권 넘겨라...워너브라더스 놈들이 어린시절 좋아했던 추억 속 캐릭터들 다 망치고 있네...,1,8,0,2019-04-09 15:09:00,0
225,오성빈(seon****),원더우먼을 보고 희망은 조금있었는데 이걸보고 dc는 망했다라고 생각했다,1,8,0,2018-05-13 21:30:00,0
226,운똥(dnst****),푹 잘자다가 블랙핑크 노래듣고 깻다,1,8,0,2017-11-25 19:12:00,0
227,이영주(youn****),음.. 그냥 그래요ㅎㅎㅎ,5,8,0,2017-11-21 21:28:00,관람객
228,하늘하늘(sign****),DC가 제대로 된 영화를 만들거란 기대를 안하고 보면 재밌다.,5,8,0,2017-11-21 18:37:00,관람객
229,bb819(skel****),진심 이 영화가 재밌다면 앞으로 당신이 보는 영화는 다 10점만점에 10점일거다,1,9,1,2019-02-10 12:52:00,0
230,머큐Lee(cfos****),이 영화가 재미있다면 무슨 영화를 봐도 재미있을것,1,9,1,2019-02-06 20:09:00,0
231,nowletmetalktoya(newl****),망했어 마블 어벤져스와 라이벌리를 형성하고 싶어서 너무 성급하게 만든티가 너무 남 아니 갑자기 어디서 삼지창털보가 나오고 로봇이 갑자기 튀어나오고 플래쉬는 스파이더맨 말장난 따라하려는 어색한 티나고..슈퍼맨은 부활해...,1,9,1,2017-12-30 19:49:00,0
232,럭키연(wkfe****),캐릭터가 매력이 너무없다;,1,9,1,2017-12-29 11:48:00,0
233,파와(ssss****),배트맨이 쩌리가...,1,9,1,2017-11-21 23:05:00,0
234,강정민(rich****),원더우먼 초반에 테러범 잡는거 멋있네요,8,9,1,2017-11-15 21:15:00,0
235,권기헌(bkte****),왜 마블이 최고인지 알수있던 영화..어벤져스 본 이후로 보는 눈이 너무 높아졌다.,2,10,2,2019-04-12 10:57:00,0
236,김성용(rlat****),정말 쓰레기같은 영화네요~ 마블 따라하려는게 ~ 제말이 틀린것 같으면 영화관가서 한번 봐보세요 ㅎㅎ,1,10,2,2017-11-27 15:29:00,0
237,공룡이아빠(jonj****),아쿠아맨은 수영만 하고 플래쉬맨은 뛰기만 하고 배트맨은 운전하고 인간로봇은 해킹하고 원더우먼은 난투난투난투 이게 뭐람?,1,10,2,2017-11-21 21:46:00,0
238,시티우승(rkdg****),레알 빅찐따들 슈퍼맨빼고 할줄아는게 있니,1,10,2,2017-11-21 20:57:00,0
239,doc0****,얼마나 더 많은 히어로가 필요한가...어벤저스보다 최악..,1,10,2,2017-11-21 16:56:00,0
240,아라레vs오공(whdl****),슈퍼맨한테 이르는 게 팀 계획의 전부네 ㅋㅋ 왜 모였냐,5,10,2,2017-11-20 01:42:00,0
241,아메리카가와(swjs****),중구난방한 스토리라인과 허접한 결말. 괜히 봤다는 생각이든다.,1,10,2,2017-11-19 22:56:00,0
242,marb****,올해 최악의 영화로 꼽습니다. 슈퍼맨 살리기전에 개운하게 잤습니다. 진짜 어떻게 이 캐릭터로 이렇게 재미업게만드는것도 기술입니다.....,1,10,2,2017-11-18 16:35:00,0
243,yoog****,상영시간이 한 3시간은 되었으면..,9,10,2,2017-11-17 23:31:00,관람객
244,이용노(lyn1****),재밋게봤어요ㅋ디아로러너널촟,10,10,2,2017-11-17 15:41:00,관람객
245,rlat****,재밌어요 쿠키영상 2개있어여,8,10,2,2017-11-16 22:36:00,관람객
246,진(u_u9****),"노력하는 중인 DC. 여태나온 닦이 영화들보다 나았고, 기대 없이 보기에는 재밌었다.",8,10,2,2017-11-16 18:28:00,관람객
247,양원석(yws2****),이거 개못만들진 않았는데 솔직히 이걸로 디시 부활이다 우워어어 하기엔 너무 아쉬운 영화아닌가 빌런 아쉽고 스토리도 아직 아쉬운데?수스쿼 배대슈가 진짜 못만든거지 이게 명작은 아니지,7,10,2,2017-11-15 23:53:00,0
248,개싸(koja****),볼만했습니다  전작에 비해서,8,10,2,2017-11-15 22:28:00,관람객
249,하하뇽(dygk****),10점은 오바고 7점이 딱적당한듯,7,10,2,2017-11-15 13:28:00,0
250,남들처럼평범하게(dcfl****),총체적 난국.. 하아... 어중간하게 망하기 보다는 차라리 폭망하고 세계관 리붓하는 게 나을 것 같은데 배우들이 아깝다. 특히 원더우먼.아쿠아맨은 단독영화 잘 뽑으면 괜찮을 것 같음. 플래시도 어울리는 편.. 사이보...,1,11,3,2017-11-24 07:34:00,0
251,이근영(rmsd****),..아인간적으로이거 7점이상준건너무하다... 스토리는 히어로물이라그렇다치지만 씨쥐너무하잖아... 보다보다 짜증이나던데..히어로물이제껏봤던것중에서 제일재미없엇음,1,11,3,2017-11-23 20:01:00,0
252,그럭저럭(bdha****),"개 폭망 노잼 . 밸런스도 없고, 배트맨도 없고",1,11,3,2017-11-22 23:20:00,0
253,찬진이네(jchc****),언젠가는 저스티스리그VS어벤져스영화가 나왔으면하는 생각...꼭보세요 잘만들었음!!,10,12,4,2017-11-17 15:42:00,0
254,mett****,개봉 이틀 째 봤는데 그것도 아이맥스 4D로 봤는데도 지루했음.  오락실에 3000원짜리 라이더가 훨씬 재밌을 정도니.   완전 고가의 좋은 요리재료로 야매요리사가 맛도없는 허접한 요리를 만든 음식을 먹은 느낌이랄까...,1,13,5,2017-11-24 05:31:00,0
255,Narcissist(ante****),때로 나와서 더 난잡하기만 함.. 게다가 빌런도 결국...ㅎㅎㅎ 완전 개판임. DC는 거르는게 답,1,13,5,2017-11-17 11:38:00,0
256,바삭바삭(leeg****),플래시가 슈퍼맨보다 느리면 왜 존재하는지;; 너무 히어로들의 능력치 비중이 안맞음. 그냥 슈퍼맨만 있으면 이기는거잖아.,1,14,6,2017-11-17 18:33:00,0
257,iost****,굿 이번에 진짜 잘나왔음,10,25,17,2017-11-15 16:05:00,0
258,헨도(apin****),ㅋㅋ 왜 디씨 영화 호감순으로 정열하면 마블빠 언급하면서 열폭하는 댓글 밖에 없죠? 피해의식 있으신가 ㅋㅋ 그래도 오늘 퇴근하고 바로 예매 해놨으니 재밌을거라는 기대감으로 7점 드립니다,7,34,26,2017-11-15 11:10:00,0
259,gnfn****,한번보고 평정달아라 알바들아...,10,34,26,2017-11-15 10:22:00,0
260,BRUCE WAYNE(kong****),DC와 갤 가돗이 2017년 원더우먼에 이어 쏘아올린 연타석 홈런. 이제는 이어지는 다음 타석에서도 또 홈런을 보여주리라 믿게 되었습니다. 원더우먼이 인간들을 믿기에 싸우듯이 저는 이제 원더우먼과 DC를 믿습니다. ...,10,35,27,2017-11-15 07:10:00,0
261,데프(save****),오 예상외로 꿀잼이었습니다,10,37,29,2017-11-15 18:33:00,관람객
262,프로똘끼남2018(kimt****),혼자서 세상 못구한다며ㅋㅋㅋ 슈퍼맨이 혼자 다 해결하는구만ㅋㅋㅋㅋ,5,7,0,2019-02-19 14:48:00,0
263,빙충이(cn30****),"새벽의 저주, 300, 왓치맨. 잭 스나이더 맞냐?",1,7,0,2018-07-04 13:11:00,0
264,gudw****,캐릭터들의 너프시켰으면 긴장감이라도 있어야지....슈퍼맨 하나로 모든 캐릭터들을 찌질이로 만듬....,4,7,0,2018-02-07 03:37:00,0
265,RED(hota****),슬프지만 내가 아는 디씬 끝났다..,1,7,0,2017-12-01 21:21:00,관람객
266,hans(jeey****),"슈퍼맨 없으면 지구는 멸망. 다른 히어로들 밸런스 붕괴됐고 악당은 유치하고 캐릭터도 그냥 그렇고..배트맨은 밤의 기사에서 돈많은 스폰서, 죄책감에 쭈글대는 불쌍한 사람이 됐다..배트맨 캐붕 어쩔거임...원더우먼 이뻐...",1,7,0,2017-11-19 21:17:00,0
267,빈이파파(kiss****),좋은데 뭔가 1 프로 부족한 듯..슈퍼맨이 너무 강함,8,7,0,2017-11-19 02:37:00,관람객
268,CANES(minj****),저는 좀 별로였어요 기대를 많이 한건아니라서 맘편히 봐ㅅ지만 그래도 많이 실망했네요,1,7,0,2017-11-18 16:40:00,0
269,BBBBBB(jjeo****),파워레인저 공감하넼ㅋㅋㅋ 어벤저스를 기대했으나 딱 파워레인저,1,8,1,2018-12-25 19:09:00,0
270,포대화상미륵존여래불(baks****),"비주얼은 어벤져스급인데 일어나는 일은 디워가 환타지대작으로 보일정도이니,도대체 잭 스나이더에게 무슨 일이 일어난건지 아시는 분",1,8,1,2018-01-16 03:04:00,0
271,나라(lsw3****),그냥 시간 아까웠다..,4,8,1,2017-11-25 23:55:00,관람객
272,자승자강JS(dntn****),디씨는 배트맨시리즈나 만들어라 젠틀맨리그 보다 못한 저스티스리그,1,8,1,2017-11-21 20:40:00,0
273,ques****,정말 매력적인 캐릭터들인데 이렇게 밖에 사용 못했다는게 너무 아쉽다,3,8,1,2017-11-21 18:59:00,관람객
274,황예원(love****),평점이안좋아서 걱정했는데 의외로 재밌어요,6,8,1,2017-11-19 00:53:00,관람객
275,tttt345(jueu****),그냥볼만해요원더우먼예뻐요,8,8,1,2017-11-18 22:05:00,관람객
276,hovs****,재밌어요 슈퍼맨이 짱이네요,10,8,1,2017-11-18 21:54:00,관람객
277,미래소년(alfo****),방금 봤는데 재미있네요. 갤가돗 진심 인생여자다,9,8,1,2017-11-17 16:01:00,0
278,살바도르(dali****),뭔가 아쉬운 부분이 있긴하지만 그래도 이정도면 정말 잘 나왔네요~,8,8,1,2017-11-17 02:00:00,관람객
279,nksz****,저스티스리그 애니랑 만화 다 본 사람이고 매니아인데요. 영화에서는 좀 아쉽네요.. 악당이 너무 허무하게 죽음..ㅜㅜ 끝도 뭔가 짜릿함이 덜 함 ㅇㅇ  스테판울프 보다는 다크사이드 데리고 오삼 ㅜㅜ  스테판울프 너무 ...,6,8,1,2017-11-16 23:58:00,관람객
280,pooh****,좋아요 역시 슈퍼맨  멋집니다,9,8,1,2017-11-16 22:45:00,관람객
281,라킴(khr9****),일단 밥값은 했네요 저스티스든 어벤져스든 캐릭터가 많으니 각 캐릭터의 특히 처음 등장하는 캐릭터의 특성이 잘 부각되지는 않네요 쨋든 전 마블 디씨 둘다 좋아하니깐요ㅎ,8,8,1,2017-11-16 14:44:00,관람객
282,이정훈(pou2****),깨알같은 마지막처럼ㅋㅋㅋ,10,8,1,2017-11-16 10:56:00,관람객
283,01(para****),베트맨 왜이렇게 하는게 없음? 너무 무능력하게 나오는데,7,8,1,2017-11-16 10:55:00,0
284,GB(cjkp****),개인적으로 좀 실망함 메인 빌런이 나중에 허무하게 떡발리고 아쿠아맨은 뭥미 하는거 드럽게 없음 ㅋㅋㅋㅋ 배트맨 장비는 드럽게 답답하고 그냥 기대 이하였음 그리고 중간중간 웃길려고 집어넣은게 있는거같이 느껴지다만 웃기...,7,8,1,2017-11-16 01:58:00,0
285,홍차와풀빵(dkff****),A급히어로들이 괴수연합이랑 힘들게 싸우고 있는데 마지막에 원펀맨이 와서 다 족침...,7,8,1,2017-11-16 01:09:00,0
286,짱짱이(rbal****),개노젬개실망 왜봣지 내가 어휴,1,9,2,2017-11-25 20:53:00,관람객
287,ghkd****,캐릭터의 색깔이 전혀 드러나지 않는 B급 영화,5,9,2,2017-11-21 01:54:00,관람객
288,Nine90(dlrn****),잤어요.. 제뒤에모르는애는 끝나고 불이켜져도 저고잇엇어요,1,9,2,2017-11-19 19:51:00,관람객
289,심짱(sim_****),DC 최고사실 앞에 내용 모르는데 몰라도 재밌어요 ㅋㅋㅋㅋ적극 추천,10,9,2,2017-11-18 23:05:00,관람객
290,김창헌(iden****),우려보다 훨씬 좋았어요~슈퍼맨은 넘사벽라 다음 작품에 밸런스 조절을 어떻게 할지 궁금하네요~!!,10,9,2,2017-11-16 22:38:00,관람객
291,김소연(soyo****),아쿠아맨.음향.영상,8,9,2,2017-11-15 22:22:00,관람객
292,도남매맘(llsm****),진짜 개노잼 슈퍼맨은 그렇게 강한데 애초에 죽은게 노어이 ㅋㅋ,1,10,3,2017-11-24 08:48:00,0
293,fbi0****,초등학생이보면 환장하긋네요,1,10,3,2017-11-22 19:48:00,0
294,방구차(n_nj****),마블따라가기 급급한듯한 스토리전개,4,10,3,2017-11-20 02:24:00,관람객
295,sili****,보다 잠들어 버려서 잘 기억이 안납니다,1,10,3,2017-11-20 00:41:00,관람객
296,어머(kim1****),다음 작품이 기대 되네요,8,10,3,2017-11-19 01:24:00,관람객
297,asd1****,보다가 지루해서 졸았네요,1,10,3,2017-11-18 20:21:00,관람객
298,99ka****,원더우먼 너무 멎지다. 간만에 DC가 일냇네,10,10,3,2017-11-17 15:37:00,0
299,인도카레(more****),7점에 딱 어울리는 영화 마블 생각이 나지않을수가 없다,7,10,3,2017-11-17 13:30:00,관람객
300,레전드(wogh****),무슨 택배 기사도 아니고 엄마 상자 찾으러다니고시작 15분만에 잠들엇다,1,11,4,2017-11-19 17:41:00,관람객
301,Harace(mptb****),원더우먼까지는 아니지만 그래도 배트맨대슈퍼맨 보다는 확실히 재미있게 봤습니다,10,11,4,2017-11-16 17:32:00,관람객
302,이성문(iy73****),저스티스 리그를 심야로 지금 막 보고 올립니다.감독이 전투씬에만 중점을 두지 않았던 것 같습니다.  좀 더 정서적인 부분이 잇어서 좋았습니다.,7,11,4,2017-11-16 01:34:00,관람객
303,뼈이빨(powe****),재밋엇ㅇ습니다 마블관다른매력이잇습니다,10,12,5,2017-11-15 22:28:00,관람객
304,박윤경(jump****),감독이 영상미 하나는 제대로 해냈네,10,12,5,2017-11-15 12:21:00,0
305,supe****,절대 보지마세요 제발 돈 주고 보지마세요,1,14,7,2017-11-18 22:42:00,관람객
306,김호웅(howo****),마블 따라잡기 실패ㅠㅠ,6,16,9,2017-11-17 14:00:00,관람객
307,FunCom(hhdd****),"마블의성공을보면서 조급해진 워너의 심각한 간섭으로 영화는 dc고유의정체성을 상실한다.새로등장한 케릭터의 생소함, 부실한 스토리, 뚝뚝끊기는 장면전환..중도하차했다지만 액션장인인 잭감독의 연출이라곤볼수없는 가벼운 액션...",6,6,0,2019-07-24 11:51:00,0
308,남영식(blem****),재밌어요 기대안하고 봤는데 ㅋ,10,6,0,2017-11-19 17:12:00,관람객
309,퓨리스(qlal****),조금 지루한 부분이 있지만 내용을 이어가기위한 설명일뿐 바로 긴장감을 늦출수없는 장면이이어진다 .원더우먼 이렇게 예뻣었나 감탄하게 되고. 과연 배트맨이 부자일까? 아이언맨이 더부자일까 고민에 잠기게된다 ^^,9,6,0,2017-11-17 15:33:00,0
310,HJ(gmlw****),재밌게는 봤음 너무 일찍 나온게 좀 걸렸음 나머지 새히어로 세명도 솔로영화가 먼저 나왔어야 했는데 그게 좀 아쉬움 ㅋㅋ 다이애나 초반 액션 존멋존예 ㅋㅋ,7,6,0,2017-11-16 01:38:00,0
311,쭈꿍이(dece****),조금 아쉽다.. 뭔가 허전하다..  하지만 원더우먼이 너무 좋다..,8,6,0,2017-11-15 20:27:00,0
312,에이아이(01sh****),"슈퍼맨 시체가 얼마나 가치있는데 그냥 동네 무덤에 넣어놨냐.  기계인간은 동네  바보형 비주얼. 아쿠아맨은 산적 마운틴맨이 어울리고 배트맨도 노답, 슈퍼맨이 눈레이저쏘더니 시력이 이상한지 원더우먼 놔두고 왜 저런 여...",6,7,1,2019-02-18 02:39:00,0
313,천산흑협(alst****),포스터 진짜 개 찐따같다,2,7,1,2018-07-26 23:16:00,0
314,ksd4****,쟁나게 봤어요또보고 시포요,9,7,1,2017-11-18 21:51:00,관람객
315,프리판다(why1****),잼써요.돈 많이 들었을 거 같음.,8,7,1,2017-11-18 21:50:00,관람객
316,시훈(djba****),진실의 방 이후로 또 나왔네 진실의 밧줄 ㅋㅋㅋ,9,7,1,2017-11-16 12:39:00,0
317,kjpo****,솔직히 기대안했는데 재밌눈데? 아쉬운건 마블처럼 영웅들의 스토리가 연결되는게 뷰족하다는점.. 객관적으로 봐도 토르가 더 잼있다. 하지만 보는거 추천해요. 8점짜리 영화는 아닌듯,9,8,2,2017-11-17 16:06:00,0
318,targ****,한편의 그래픽노블같았습니다,10,8,2,2017-11-17 15:53:00,0
319,wonj****,지루하지않고 웃기고 잼나요,8,8,2,2017-11-17 07:33:00,관람객
320,반지하제왕(pzzx****),잼나요 볼만합니다 차기작기대됩니다,10,9,3,2017-11-19 01:21:00,관람객
321,촉촉(cham****),대박  잼났습니다.마블도 긴장하셔야할듯!!!,10,9,3,2017-11-18 21:53:00,관람객
322,절망눈빛(sini****),적당히 진지하고 적당히 웃김,10,9,3,2017-11-16 22:48:00,관람객
323,swee****,저스티스리그2도 기대됨. 쿠키영상 2개임,8,9,3,2017-11-15 21:38:00,관람객
324,71321(fris****),액션씬조아요 ㅇㅇㅇㅇ,10,10,4,2017-11-17 16:31:00,관람객
325,kknd****,넘나재미난것 다음시리즈도 기대만땅,10,11,5,2017-11-16 22:53:00,관람객
326,김가영(rlar****),역시역시 잼잼잼ㅋㅋㅋㅋ룰루랄라룰루라랄라라라아아라우나아투우다아처구니마어투쿸ㅋㅋㅋ,10,11,5,2017-11-15 23:33:00,관람객
327,nothing(vthe****),애즈라 밀러 개드립 칠때마다 관객 웃음 하나도 안터지고....ㅎㅎㅎㅎ 왜 자꾸 마블처럼 가볍게 가려고 하는건지 ~ 배대슈가 훨씬 나았음.,6,15,9,2017-11-16 13:20:00,관람객
328,울산한화팬(seon****),평점 테러는 하지맙시다 ㄹㅇ,10,15,9,2017-11-15 13:55:00,0
329,쿠쿠(deva****),기대하고 봤는데도 볼거리가 장난아님요!,10,21,15,2017-11-15 18:32:00,관람객
330,세잎클로버(rain****),드디어 DC가 마블에 대항마가 되는가~~,10,37,31,2017-11-15 18:32:00,관람객
331,Cool한늑대(blac****),"역시액션신은,D.C.가최고임!!!진짜재미있게봤어요",10,61,55,2017-11-15 19:01:00,관람객
332,딱총나무(jung****),이제 마블의 독주를 막을 대항마가 등장했다.,9,242,236,2017-11-15 00:00:00,0
333,정진유(nigh****),마블빠들 평점 테러하는거보소 그것만봐도 니들수준 알만하다,10,348,342,2017-11-15 07:39:00,0
334,쩝(go_d****),ㅋㅋ혼자서는 세상을 구할 수 없다매요... 슈퍼맨 혼자 다하는데요....,5,5,0,2019-10-06 00:13:00,0
335,jjh0****,헬로.카봇  보다  재미없어요,1,5,0,2019-07-28 02:43:00,0
336,suy9****,"DC유니버스는 아무리 발악한들 마블유니버스를 이길수없다 페미,인성논란때문에 망할거라고 했던 캡틴마블마저 성공했다   DC는 더이상 영화를 만들지말고 그돈으로 유니세프에 기부해라",2,5,0,2019-07-28 01:53:00,0
337,젤리밤(yunu****),쩌리들의 향연..갈수록 답없는 DC의 영화 그냥 드라마랑 코믹스로 만족하고 영화는 때려쳐라,1,5,0,2019-07-24 20:43:00,0
338,GOD ENEL(osh9****),어벤져스 따라하려다가 가랑이 찢어지는듯,5,5,0,2019-07-23 18:28:00,0
339,오드섬(odd_****),혼자서는 세상을 구할 수 없다더니 슈퍼맨 혼자 다해먹네... dc 자꾸 이럴래?,1,5,0,2018-11-18 22:18:00,0
340,송(kpop****),평점 미쳤나 ㅋㅋㅋ 5점대도 아까움..배댓이 영화칭찬은 아니고 다 뻘소리만 써놧는디 평점은 10점주면서 뻘소리쓰네 ㅋㅋㅋ,1,5,0,2018-10-31 17:08:00,0
341,결국모든것은(zrlg****),빌런 이 너무 구립니다... 다음 영화에서는 제발 잘만들길 ...,7,5,0,2018-09-02 15:46:00,0
342,R2D2(luka****),아.. 탄식이 나온다.. 내가 사랑하는 클락켄트..배트맨..베리알랜....그리고 겔가돗 까지.. 이렇게 만들어야만 했습니까 젝스나이더... 왜.. 왜..줘도 못먹습니까... 아...,4,5,0,2018-07-24 04:23:00,0
343,도레미파SOUL라시도(kim7****),마블과의 격차를 좁힐수있는 찬스를 여지없이날려버림,1,5,0,2018-04-27 22:24:00,0
344,wp75****,차갑고 도도했던 dc가 애들 오락영화가 되어버린 시점,4,5,0,2018-04-19 22:51:00,관람객
345,스윗가이(jmjj****),최소한 전작보다 재밌을 줄 알았다. 슈퍼맨이 처음부터 악의 편으로 나왔다면 더 흥미로왔을 듯 이렇게 망가지기도 쉽지 않은 조합인데 대단하다 대단해;;;,5,5,0,2018-01-28 22:35:00,0
346,yes(khh2****),빌런 죽이자마자 바로 엔딩...캬~ 이런 통편집기술이 dc에도 있었을 줄이야....존나 빨리 끝남...,1,5,0,2017-12-25 23:22:00,0
347,consilium(dudw****),마블이 잘만드는 거네요,6,5,0,2017-12-01 22:43:00,관람객
348,김건호(rjsg****),ㄹㅇ 7살때 보던 벡터맨 보는줄,1,5,0,2017-11-30 23:22:00,0
349,pomi****,그래서 결국 슈퍼맨인건가?,6,5,0,2017-11-29 17:10:00,관람객
350,peng****,"혼자서는 세상을 구할 수 없다. 단, 슈퍼맨은 혼자서 세상을 구할 수 있다.",1,5,0,2017-11-28 19:16:00,0
351,rlaq****,dc가 왜 마블에 안되는지를 잘 보여주는 영화..  번역이 참 ㅈ같네.. 누가번역했데? 포크를 삼지창이라고 직역하질않나 베트맨은 식사때 사용하는 포크 이야기하는것같았는데 에이핑크노래밖에 볼만한게..,1,5,0,2017-11-26 18:37:00,0
352,lebi****,생각보단 재미없네요..아니 생각만큼..혹시나 해서 기대해었는데..,7,5,0,2017-11-25 21:44:00,관람객
353,cjh8****,영화사 대빵이 영화 상영시간 50분 잘랐다며?... 왜 그랬냐 도대체.그러니까 영화가 이따구지 원더우먼은 상영시간 잘린 거 없다고 하더만! 원더우먼이 흥행 성공한 이유야 그게! 제발 감독이 공들여 만든거 자르지 좀 ...,6,5,0,2017-11-25 21:33:00,0
354,내이름은(rlat****),솔직히 시간 가는줄 알고 봤습니다,5,5,0,2017-11-25 19:26:00,0
355,건빠(park****),슈퍼맨은 신이 아닙니다.,1,5,0,2017-11-25 19:21:00,0
356,일교차가 심해(gari****),배트맨 능력이 제일 부럽다..돈..,7,5,0,2017-11-25 14:42:00,0
357,비밀의수프(amor****),선방했다. 원더우먼은 여전히 최고다. 없으면 어쩔뻔.,7,5,0,2017-11-22 18:07:00,0
358,bigs****,마마보이vs슈퍼맨팬클럽,6,5,0,2017-11-22 16:08:00,관람객
359,kjk7****,흠.. 하핰ㅋㅋ 애매하다,5,5,0,2017-11-21 23:07:00,관람객
360,Justop아이원미(youl****),구슬이 서말이라도 꿰어야 보배지. 하나 하나 반짝이는 구슬들 천개를 가져놓고도 색맹이 비뚤빼뚤 꿰어놓은 듯.,4,5,0,2017-11-21 17:17:00,0
361,tmzk****,영상도 화려하고 내용도 굿!,9,5,0,2017-11-19 17:11:00,관람객
362,유니크(pole****),플래쉬와 사이보그의  활약이  좋았고 슈퍼맨과 원더우먼의  한방이  좋았습니다,9,5,0,2017-11-19 17:10:00,관람객
363,Glory(unso****),별로라고해서 기대안했는데 원더우먼보단 2.4587배 정도 재미있음,10,5,0,2017-11-19 00:30:00,0
364,skaw****,마블과는 또 다른 느낌의 히어로 영화네요.,9,5,0,2017-11-19 00:13:00,관람객
365,보가(tjgu****),잉여 시간이많으면 볼만함,6,5,0,2017-11-18 16:01:00,관람객
366,오퍼센트(dmdd****),액션은 역시 최고. 하지만 스토리와 전체적인 느낌은 마블을 아직 따라가지 못하는 것 같다.. 그냥 무난하게 보고 별감흥없이 보고 영화관 나옴..,7,5,0,2017-11-18 15:02:00,관람객
367,moon****,너무 기대를 많이한듯...,7,5,0,2017-11-18 06:52:00,관람객
368,Song(thdw****),초반에 여러 캐릭터들의 개인적인 장면들이 훅훅 지나간것같아서 조금 아쉽지만 중반부에서 후반부까지의 액션장면등 그래픽을보면  마블 못지않게 잘만들어진것같았습니다 원더우먼 이 마블과 합작을하면 어떨까생각됨 캐릭터가 조금...,10,5,0,2017-11-17 21:50:00,관람객
369,517(wais****),재밌네요원더우먼짱,8,5,0,2017-11-17 16:34:00,관람객
370,syml****,기대만큼은아닌데 괜찮,8,5,0,2017-11-17 16:12:00,관람객
371,nhyu****,저스티스 리그 본 소감1) Not bad2) 아까 한 말 취소야 난 죽고 싶어3) 은행을 사버렸지,9,5,0,2017-11-17 16:09:00,관람객
372,kill****,재밌어요 재밌어요 재밌어요,8,5,0,2017-11-17 15:25:00,관람객
373,벨라벨라(bell****),원더우먼 너무 멋지고 이뻐요 완전 짱팬 원더우먼천재짱짱뿡뿡걸 원더우먼 강한여자!!!????,10,5,0,2017-11-16 23:23:00,관람객
374,순딩이(nows****),기대를 많이 하고봐서 조금 실망했지만 재밌어요,8,5,0,2017-11-16 22:24:00,관람객
375,이홍(suye****),그리큰기대안하고 봤는데 시간가는줄모르고봤어요 나름액션이화려한느낌을받았습니다~,8,5,0,2017-11-16 14:08:00,관람객
376,아야노(aktp****),"시사회 후기 좋아서 돌비애트모스로 봤는데. 모뤼게써여...배대슈보다야 낫지만 제 대가리가 너무 커버린 건지. 어떤 장면은 너무 유치해서 빵터졌는데, 저 같은 사람이 좀 있었나봐요. 극장에 웃음소리가ㅋㅋ 재미 없진 않...",8,5,0,2017-11-16 13:22:00,관람객
377,미노미노(jmhg****),재밌구만 ㅋㅋ 원더우먼 임팩트 쩜 강추,10,5,0,2017-11-16 12:57:00,0
378,빛나는(0cha****),3D로 방금봤는데 원더우먼은 여전이 존예입니다,9,5,0,2017-11-16 12:44:00,0
379,나쁜점(tmnl****),딱 재밌는 히어로 영화 정도의 재미이다. 기대감에 가득 차서 보는 것 보단 가벼운 마음으로 가서 즐기고 오는 걸 추천한다.,9,5,0,2017-11-16 12:32:00,관람객
380,강효진(kang****),신이랑 맞짱뜨던 원더우먼이 이번에는 너무 약해서 밸런스가 무너졌다왜 마블영화가 인기가 많은지 알았으면 좋겠다 캐릭터들의 적절한 밸런스와 힘의 조화와 각자 약한 부분을 팀원의 합이 두드러진 마블과는 달리 DC영화는 수...,4,6,1,2019-07-15 20:46:00,0
381,용제(knue****),"이 영화는 그냥 캐릭터 모아놓은게 다라고 생각한다.배트맨 하차했고, 슈퍼맨도 하차한단 얘기있고, 플래쉬도 워너랑 워낙 사이가 안 좋아서 하차한단 얘기가 있어서 속편은 안나올 듯",1,6,1,2019-07-15 17:50:00,0
382,migg****,한개를 줄수없어 두개주는데나라면 저스티스리그 1편과 2편볼돈두번을 아껴서 어벤져스를 보는걸 추천함;;,2,6,1,2018-04-11 08:27:00,0
383,상어가죽(kara****),발란스 개판에~ 전혀 신기하지않은 cg들~,1,6,1,2018-03-10 12:14:00,0
384,주물(jumo****),쩌리들이 모인 이유는 슈퍼맨을 살기기 위해서... ㅋㅋ...,1,6,1,2018-01-15 13:22:00,0
385,COSMOS(seoh****),"웃긴게 뭐냐면, 스테픈 울프 동굴에 가둘 때 그 무거운 돌도 손으로 받쳐들어서 버텼는데 넘어진 말에 깔린 상황에서 그 말 하나 못 드는 게 말이나 되나 싶다. 연출들이 너무 유치하고 나 CG했어요 하는 티가 너무 나...",1,6,1,2017-12-28 03:34:00,0
386,미스터멍멍(sasi****),스토리 오합지졸 중국무협 영화와 맞먹는 cg 끝,1,6,1,2017-12-25 05:58:00,0
387,왕자의나라(skae****),돈주고 보기는 아까운듯 재미업음,1,6,1,2017-12-13 23:14:00,관람객
388,quswonah(hoho****),음.. 슈퍼맨이 너무 강해서 균형이 안맞는듯,1,6,1,2017-12-07 00:13:00,0
389,마구마구 후루룩(zzix****),정말 아쉽습니다.어벤져스를 그대로 답습한것 같은 느낌이네요우주배경으로 하지말고 고담시를 배경으로하는게 더 색깔있고 어벤져스와 차이점이 있을것같네요,1,6,1,2017-12-01 23:12:00,관람객
390,남부낙타(hoda****),뭐야 해내고 있잖아! 다행이다 디씨! 응원합니다 재미있게 아주 잘 봤어요,10,6,1,2017-11-26 13:09:00,관람객
391,Primary(ace9****),꼭보셈 강추! 진짜 여운오져요 ㄹㅇ,1,6,1,2017-11-26 00:45:00,0
392,cmjksh(emhc****),그냥그럭저럭볼만하네요,6,6,1,2017-11-25 15:30:00,관람객
393,박정효(wjdg****),좀노잼이에요..아쿠아맨실망,8,6,1,2017-11-24 22:07:00,관람객
394,위바(bigh****),내가 피곤했는지... 영화가 지루했는지.. 한참 졸다가 나옴.. 그냥 중학생들이 보면 딱맞을듯한 주먹질싸움 ㅋㅋ왜 굳이 5명이 모였는지도 모르겟다. 5명이 모였지만 뚜렷한 자기 역활은 없었던듯 하다 힘들게 만들었으므...,6,6,1,2017-11-24 15:10:00,0
395,가루가루(dydt****),"개인적으로 마블보다 DC를 좋아하는사람으로써 이번건 평균 이하..스토리는 그럭저럭이었지만 빌런의 밸붕이 문제,  둠스데이가 그리워짐.. 배대슈보다 재미없었고 잭스나이더가 마무리 했으면 좀 더 달라지지 않았을까 싶음....",7,6,1,2017-11-24 13:32:00,0
396,자본보다는 자산(bbbb****),"캐릭터 너무 약하고, 지루해죽어요. 사람들 엉덩이 들썩거리는 소리 다 들리고, 진짜 미국 캐릭터 물을 언론에서 자꾸 조장해서 보라고 하는데 전혀 감흥도 없고, 재미도 없고.",2,6,1,2017-11-24 13:02:00,0
397,tldkwnsrn(minh****),슈퍼맨 노매력 지루한사랑꾼역할은 그만,5,6,1,2017-11-24 00:29:00,관람객
398,KingGodMu(seon****),슈퍼맨을 살림으로서 밸런스에 평형이 깨진 영화 그 자체 악당이 슈퍼맨을 보고 겁을 먹지를 않나 원더우먼은 단독 영화보다 약해져있고 앞뒤 말이 안 맞는 영화 같다...,1,6,1,2017-11-23 22:40:00,0
399,조상은(sang****),혼자서도 충분할듯하네요,2,6,1,2017-11-22 15:02:00,관람객
400,장진석(qpzh****),마블이최고인듯 ㅜ진짜...,5,6,1,2017-11-21 18:31:00,관람객
401,박선주(b_s2****),저 진짜 절대 ㅋㅋㅋ귀찮아서 평점 안남기는데 재미잇습니다 ㅋㅋㅋㅋ돈안아까워요!!!슈퍼맨 ㄹㅇ존멋!!!!,10,6,1,2017-11-19 01:19:00,0
402,likelesure0203(0185****),진짜재미있게봤다...특히 수퍼맨 부활할때 압권,10,6,1,2017-11-19 01:15:00,0
403,atla****,짱잼 시간가는줄 모르고봣아용,10,6,1,2017-11-19 01:13:00,관람객
404,LSY(lsy0****),저스티스리그 플래시포인트,10,6,1,2017-11-18 22:31:00,0
405,Gold card(chch****),원더우먼 역시 너무 멋있당~~,10,6,1,2017-11-18 22:08:00,관람객
406,jmsr****,초등 아들이랑 재미있게 봤어요~^^,10,6,1,2017-11-18 22:02:00,관람객
407,madd****,캐릭터 각각 매력적이고 약간 예술적 분위기도 군데군데 나고 스토리도 좋았음. 아마존 여전사들 넘 멋젔음.,10,6,1,2017-11-18 21:53:00,0
408,뚜비(qwea****),슈퍼맨 사망 나온다고하길래 너무 슬펏는데 다시 부활하니 기분이좋네요 ^^,9,6,1,2017-11-18 21:43:00,관람객
409,beau****,재미있었어요요요!!!!,10,6,1,2017-11-18 21:42:00,관람객
410,미야(bnpa****),DC가 살아났다 ㅠㅠ!! 보는 내내 푹 빠져서 봤네요~~~~♥♥♥,10,6,1,2017-11-18 21:04:00,관람객
411,흐니(ohgo****),이번 영화로 DC영화는 극장가서 안봄.  특유의 액션씬은 없어졌고 내용은 멜로가족드라마에 가깝고 그냥 슈퍼맨이 다 해억음. 슈퍼맨과 그 일당들. 로 제목 바꿔야함,1,6,1,2017-11-18 16:45:00,관람객
412,KY(davi****),거르자..돈옵저랑 비슷,1,6,1,2017-11-18 15:37:00,0
413,jihye kim(jenn****),스케일은 컸는데 좀 진부해서 중간에 깜박졸았네요..,7,6,1,2017-11-18 15:20:00,관람객
414,리버피닉스(ssj1****),기대가 크면 실망은 졸라 큰법~,7,6,1,2017-11-18 14:57:00,0
415,겸군(gyum****),"스토리 전개, 개연성 피식도 안나오는 개그코드까지.. 디워급 영화였음..",1,6,1,2017-11-18 12:58:00,0
416,skinism(k223****),넘나 멋진데 고만고만허게 멋져서 중간에 잤네요대체로 재밌었어요,4,6,1,2017-11-18 12:52:00,관람객
417,맨솔(jang****),개연성 제로! 세삼 마블이 대단하다는걸 느끼게 만들어준 영화,1,6,1,2017-11-18 12:22:00,0
418,이수하(lsha****),슈퍼맨 배트맨 멋지고 그리고 스릴감 있어서 재밌어요,8,6,1,2017-11-18 11:59:00,관람객
419,시즌(grad****),개연성 없는 스토리에 엉성한 cg 안타깝다 dc,7,6,1,2017-11-18 09:15:00,0
420,네리사(neri****),재미는 있네요ㅠ 플래시 잔망잔망ㅋㅋ,9,6,1,2017-11-17 15:30:00,0
421,바람의눈(good****),갤가돗이 진짜 이쁘네요,8,6,1,2017-11-17 15:01:00,관람객
422,raskolinikov(dltj****),슈퍼맨 능력치 제대로 나온거 같음 히트비전에 편치도 막 날리고 프리즈 브레스 공격도 나와요.,10,6,1,2017-11-17 04:29:00,0
423,구은정(mun3****),디씨에서 나오는 영화에 대한 기대감이 워낙 바닥이였던지라 ㅋㅋㅋ 생각보다 재미있는데? 이 생각에 만족감이 높음 새로나온 캐릭터가 매력적이라 좋앗음,8,6,1,2017-11-16 22:24:00,0
424,안여진(duwl****),나오는 히어로들 다 좋지만 갠적으로 슈퍼맨이랑 원더우먼이 갑,10,6,1,2017-11-16 20:56:00,0
425,가가가가각(rnjs****),원더우먼은 여전히 이쁘구만,10,6,1,2017-11-16 20:29:00,0
426,Blin(weew****),Superman can save the world ALONE.,10,6,1,2017-11-16 19:32:00,0
427,q5_k****,기대를 많이 안하고 봐서 그런지 나름 재미있게 보았음,8,6,1,2017-11-16 15:48:00,관람객
428,kmn6****,걍 재밌고 볼만함 어설프지않음 토르보단 재밌음,10,6,1,2017-11-16 15:39:00,0
429,박은지(pej0****),마블과 다른 느낌으로 재밌음,9,6,1,2017-11-16 15:29:00,0
430,ㅋ(hong****),내용이 약간 뻔하고 유치할 수 있는데 재밌습니다!,8,6,1,2017-11-16 15:28:00,관람객
431,스나이퍼(msb0****),재미있게 봤지만 뭔가 아쉬움도 많이 남는...영웅들을 한 데 모았지만 결론은 슈퍼맨 하나면 모든게 해결. 솔직히 9점 이상 영화는 아님,8,6,1,2017-11-16 13:52:00,관람객
432,흑때지(arxr****),화려한 영웅팀 조합에 비해 적빌런의 찌질함은 밑도끝도 없습니다정말..,7,6,1,2017-11-16 13:45:00,0
433,러블리쮸(win0****),히어로물을 정말 좋아하는대요~역시 슈퍼맨짱!!!!ㅋㅋ,10,6,1,2017-11-16 13:03:00,관람객
434,hyh8****,너무 재미 있었어요 완전 즐감했습니다.조조 쵝오~,8,6,1,2017-11-16 12:45:00,관람객
435,Lawrence(dest****),평테당할 만큼 못 만들지 않았는데; 2시간 러닝타임에 히어로 개인 시리즈가 제대로 확립되지 않은 상황에서 뽑아낼 수 있는 최선을 보여준 것 같네요. 플래시 귀엽고 ㅠㅠ 슈퍼맨이 너무 세서 밸붕 ㅋㅋ 빌런이 좀 임팩트...,8,6,1,2017-11-16 12:05:00,0
436,xen(akai****),역시 DC의 한계를 넘지 못한 영화였다   그나마 잭스나이더 감독이 떠나서 5점 준다 다신 오지마라 잭스나이더,5,6,1,2017-11-16 11:27:00,0
437,승환아빠(dltj****),화려하게 돌아온 그녀석 보고싶었다  다른히어로보다 난 너를 보너왔어,7,6,1,2017-11-16 10:33:00,관람객
438,Dark Knight(jjw1****),내평점 관람객 솔직히 너무 기대를 많이해서 실망이 큰듯... 그나마 디씨의 강점인 캐릭터 하나하나의 임팩트도 부족했던 것 같고 차라리 플래시가 과거로 돌아가서 슈퍼맨 데리고 왔으면 어땠을지... 그래도 항상 응원할게...,8,6,1,2017-11-16 09:41:00,관람객
439,WAP(dndy****),전투씬은 인정한다진짜..,9,6,1,2017-11-15 23:19:00,관람객
440,cros****,재미는 있었지만 마블만은 못한게 많이 아쉽습니다결정적 한방이 없는게 흠이구요 슈퍼맨만 있었어도 이길게임같은데 왜 뭉쳤나 쉽구요 그만던 쪼무래기 악당들은마지막전투씬때는 보이질않더군요아쉽지만 볼만은 했습니다,7,6,1,2017-11-15 17:21:00,0
441,라로(rlaw****),DC팬들 눈물의 비공테러ㅜㅜㅋㅋ정신차려라 DC는 영화론 아예 말아먹었다ㅋㅋ어디 어벤져스 따라해?정신 차리고 히어로 하나하나 독립적인 히어로로 다시 만들어라.뱁새가 황새 따라하다 다리 찢어진다 엌ㅋㅋㅋ,1,7,2,2019-07-15 18:49:00,0
442,SAQ(news****),포스터를 무슨 한국 찌라시 발퀄 포스터로 만들었냐 진짜 앞에 메인 광고 포스터 실망이라 영화 보기가 싫어졌다 영화포스터 이게 그코스프레 포스터인가 아니면 한국에서 저따구로 만든건가 참 헛웃음이 나온다,1,7,2,2018-01-17 12:48:00,0
443,NFTL(hdi2****),"노잼ㅡ ㅡ.,.,.,.,.,",1,7,2,2017-12-05 08:48:00,관람객
444,door****,그냥저냥대충보지마요,1,7,2,2017-11-25 05:16:00,관람객
445,Louis(bosu****),최악. 마블과 디씨의 단점만 모아둔 영화.,1,7,2,2017-11-23 22:06:00,0
446,물리삼수강(rjsw****),내가 본 2017 최악의 영화,1,7,2,2017-11-21 17:38:00,0
447,별명없음(wnst****),수어사이드 스쿼드랑 우열을 가리기 힘듬. 티비에서 해줘도 안볼영화,1,7,2,2017-11-21 16:55:00,0
448,daaa(jieu****),지루한전개에 잠와디지는줄!!!!111싯ㅍㄹ,1,7,2,2017-11-19 22:35:00,0
449,루루(jthy****),로튼 38  잭스가 이걸또 해냈다  각본만 쓰자  아쿠아맨은 한게없고  실없는 농담이나한다  ㄹㅇ  정의닦이 ㅎㅇ?,1,7,2,2017-11-19 15:40:00,0
450,안선생(chbb****),"많이 실망. 전작땜에 스토리 전혀 신경 안 쓰고 봤는데. 전투 스케일은 더 작아지고, 액션은 단조롭고, 후처리는 엉성하고.",5,7,2,2017-11-19 03:12:00,관람객
451,허리케인블루(jevo****),아주 재밋네요 열자 ㅋㅋ,10,7,2,2017-11-18 23:10:00,관람객
452,보헤미안(bohe****),히어로들이 너무 멋지고 악당과 싸우면서 슈퍼맨에게 반전있는 부분이 재밌었다.,10,7,2,2017-11-18 23:07:00,관람객
453,천지은(cjsw****),슈퍼맨 엄청 쎄네요 캐릭터가 다 매력있어요,8,7,2,2017-11-18 23:05:00,관람객
454,ygy8****,재미있다.  역시 시간이 아깝지 않은 영화이다.,9,7,2,2017-11-18 11:59:00,관람객
455,sdd7****,히어로물이 그렇듯 평균정도는 합니다만 후반부에 지루해서 두시간이 길게 느껴지는 영화였습니다,6,7,2,2017-11-18 02:20:00,관람객
456,쑥쑥이(thdg****),생각없이 웃기엔 토르가 좋았지만 저스티스리그도 재밌었어요! 토르는 솔직히 재미는 짱이었는데 이어지는 흐름이랄까..그런게 좀 부족해보였는데 저스티스리그는 그런 것들이 잘 구성된 영화같았어요! 재밌게 봤고 만족합니다!,10,7,2,2017-11-17 22:55:00,0
457,DSG BMS(kimd****),앞으로 더 잘 만들라는 차원에서...,10,7,2,2017-11-17 22:52:00,관람객
458,상어(clou****),절망보다는 희망이 보인다. 그분이 정의를 지키는 이유는 사랑. 배트맨은 홀로 싸우려 해도 동료들이 놔두지 않는다. 마지막의 밝은 분위기는 후속편을 기대하게 만든다. Come together~!!,10,7,2,2017-11-17 22:44:00,0
459,haru****,디씨 희망이 보이네요 재미있었어요,10,7,2,2017-11-17 22:42:00,0
460,fj10****,슈퍼맨은 원래부터 센 캐릭터인데 도대체 뭘 원하는건지 ㅋㅋㅋㅋ 너프되어서 나왔으면 또 그거대로 뭐라 했을거면서.. 이거면 됐다!!!!사이보그가 특히 잘 뽑혔고 아쿠아맨 솔로 기대됨,10,7,2,2017-11-17 22:34:00,0
461,차승희(nice****),영화가 쥑입니다 재미가 어마오마합니다,10,7,2,2017-11-17 14:51:00,0
462,카사노바(mine****),솔직히 이작품 하나로 평가하면 마블보다 떨어지는건 말도안된다,10,7,2,2017-11-17 14:50:00,0
463,블루(blue****),일은 슈퍼맨이 다했는데 포스터에는 슈퍼맨이 없어서 서운함.,8,7,2,2017-11-17 13:53:00,관람객
464,kiya****,그릴 것은 너무 많은데 하얀종이가 너무작아서,6,7,2,2017-11-17 12:33:00,관람객
465,술또(pkso****),시간이 더 긴 런닝타임이 되었다면 더 좋았을것 같네요,10,7,2,2017-11-17 10:44:00,0
466,소태골(funn****),원더우먼만큼 좋았음 영상미가 정말 화려함 액션씬도좋고 사이보그는 잘모르겠지만 아쿠아맨 플래쉬 배트맨 솔로무비가 기다려진다  원더우먼과 플래쉬가 가장 멋있었던듯,10,7,2,2017-11-16 22:35:00,0
467,duckey(ssst****),지루할 틈이 없네 오지고 지리고,10,7,2,2017-11-16 18:27:00,0
468,love****,저스티스 리그 2편이 나온다면 아주 괜찮은 1편이 나온것 같아요!,10,7,2,2017-11-16 17:09:00,0
469,우성(the_****),"기대보다는 평범한. 상상가능한 범위의 이야기. 악의 존재가 무섭지도, 위기감을 주는데 실패했다. 몇몇 장면은 인상깊었고, 몰입되기도 있었지만 캐릭터를 다룬 솜씨는 어벤저스가 훨씬 더 좋았다. 킬링타임용 오락물로 생각...",6,7,2,2017-11-16 14:39:00,0
470,황승연(0214****),에이지오브울트론 하위호환,4,7,2,2017-11-16 14:01:00,0
471,다이어리(ksb8****),.... 기대 하고 보았지만.. 역시나 노잼이였다.. 액션도 딱히 임팩트 없고 스토리도 지루하고 캐릭터들도 그닥 매력어필 없던 저스티스 리그..,6,7,2,2017-11-16 13:46:00,0
472,jsh1****,이정도면 10점이지 뭘더바래?,10,7,2,2017-11-16 10:15:00,0
473,김영민(josh****),"인간, 아틀란티스, 아마존, 신, 외계종족이 힘을모아 간신히 쫓아낸 스테픈울프 슈퍼맨한테 졸라 쳐맞구 허무하게 도망가는데, 넘 허무하네요 몇명 부상당하구 힘겹게 이기는 스토리가 긴장감 있었을텐데 아쉽네요ㅋ",7,7,2,2017-11-16 03:16:00,0
474,silverpaper(agat****),수퍼맨이면 게임끝? ? 수퍼맨의 파워가 너무 압도적이라 게임이 너무 싱겁게 끝난듯한 기분.,6,7,2,2017-11-15 17:33:00,0
475,김하은(hust****),팝콘이 남았습니다..,10,7,2,2017-11-15 14:14:00,0
476,헤헤헤(dbtj****),생각보다 재미있었음.,10,7,2,2017-11-15 14:13:00,0
477,Generous mind(dsdk****),평점 테러하지마라 이녀석들아,10,7,2,2017-11-15 14:04:00,0
478,완투판치떠리강낭이(audt****),미안 빠돌이가 아녀서 ㅋㅋ 대사는 왜넣냐?? 스토리가 뭔지도 몰겠는데 ㅋㅋ 하던대로 슈퍼맨 배트맨 솔로만 만들어라 마블 따라하지말고ㅋㅋㅋ,1,8,3,2017-11-24 08:37:00,0
479,전우치(wooj****),비빔밥은 비벼먹으라고 있는거다,1,8,3,2017-11-23 14:53:00,0
480,부룽부룽(nusk****),실망뿐이였다 할말이없다,1,8,3,2017-11-23 11:11:00,0
481,짜우(zzaw****),스토리가 뻔합니다 ㅎㅎ,1,8,3,2017-11-19 23:31:00,관람객
482,멋쟁이경제학도(hoju****),결국 슈퍼맨없이는 아무것도 못한다는 내용,5,8,3,2017-11-18 07:19:00,관람객
483,쑤(khs9****),마블에 비하면 정말 한참 멀었네요 .ㅡ.ㅡ,1,8,3,2017-11-18 02:03:00,0
484,jung****,도입 OST는 너무 좋았지만... 그치만..유치해서 손발이 오그라들어요,2,8,3,2017-11-18 00:10:00,관람객
485,ruda****,잭스나이더는 양심이 있으면 히어로 영화에서 손때라. 이거 뭐 개연성이 적당히 없어야지. 예전처럼 300같은 영화나 만들어라.,1,8,3,2017-11-17 18:14:00,0
486,Yohan(mi16****),마블에는 없는 재미였어요 재미썽,10,8,3,2017-11-17 16:05:00,0
487,중요한건(ljmn****),마블에 익숙해서 기대안했는데  마블에서 못느낀재미가 짱이네.,10,8,3,2017-11-17 15:57:00,0
488,루카망고(fant****),DC팬이니까 10점줬다.근데 특히 플래시 팬인데 배리가 왜 이리 흐느적대냐. 맘에 안들어. 그리고 슈트도 별로고 플래시 능력도 아직 덜 개발된 듯. 암튼 다음은 저스티스리그vs인저스티스겠네. 브레이니악 예상해봄,10,8,3,2017-11-17 15:21:00,0
489,libe****,골치 안아프고 그냥 재밌게 봤음,10,8,3,2017-11-17 15:18:00,0
490,알론조(mabi****),그저 디씨라고 유독 박한 리뷰들이 많은 거 같다. 대작까진 아니지만 충분히 평작 이상은 되는 영화,10,8,3,2017-11-17 14:57:00,0
491,그멀(putr****),내 오랜 영웅들을 한 자리에 모아 놓은 것만으로도 감격스럽네요!!,10,8,3,2017-11-17 14:53:00,0
492,박지아(piao****),넘 재미나게 밧어욤^^,10,8,3,2017-11-16 22:59:00,0
493,Freedom(gomp****),영웅들간의 케미는 좋으나 스토리 연계나 악역에 대한 부족함이 보인다,8,8,3,2017-11-16 16:46:00,관람객
494,음유시인(swee****),"기대치를 최고조로 놓는다면 분명 아쉽지만, 우려가 바닥이었다면 진심 괜찮다. 짧은 러닝타임 동안 많은 갈등요소를 극복하려고 순식간에 급변하는 상황이 당황스럽긴 하지만, 액션과 캐릭터는 진심 훌륭",9,8,3,2017-11-16 14:37:00,0
495,마시마로(rokk****),오늘도 원더우먼은 이뻤다.,10,8,3,2017-11-16 13:26:00,0
496,thjt****,이전 영화들은 망했지만 그 안에서 쌓아놨던 캐릭터의 이미지란게 있었는데 마블의 유머를 뒤늦게 따라간 바람에 디씨가 기존에 가지고 있던 캐릭터들의 무게감이 부숴진 느낌... 팬이라서 기대했는데 느금마사보다 더 절망했어...,6,8,3,2017-11-16 09:01:00,0
497,옵션컨트롤(bms8****),DC의 부활을 알리는 영화!,10,8,3,2017-11-15 14:07:00,0
498,최다은(kawa****),19년 인생에서 가장재미없었던 영화살면서 단한번 시간을 되돌릴 수 있다면 저스티스리그를 보지 않았을것이다..,1,9,4,2017-11-24 21:45:00,0
499,박지현(qkrw****),내가 본영화 중에 제일 유치하고 재미없고 2시간 낭비한것같다.,1,9,4,2017-11-24 00:25:00,0
500,이재철(ipcs****),와 진짜 애들영화임 보지마세용,1,9,4,2017-11-21 20:13:00,관람객
501,이여신(sanz****),1점도 아까워.. 내 돈 내놔... 개유치하고 딱 독수리 오형제 수준,1,9,4,2017-11-17 17:50:00,0
502,몽쉘통통(nbak****),"엑소 (Do)빠순이들 1점 테러하지마라, 차라리 7호실 가서 10점줘라",10,9,4,2017-11-17 14:22:00,0
503,늑대(xhrl****),재밌어요 재밌어요 재밌어요,10,9,4,2017-11-16 22:06:00,관람객
504,Skfov(uuiu****),아쿠아맨 생긴거 존섹 존나 내꺼야,10,9,4,2017-11-16 21:01:00,관람객
505,엔젤하트(sang****),이작품이 토르보다 더 재미있었습니다. 여기평점보고 재미없다고 생각하고 봤는데 재미있네요. 롯데시네마에서 봤는데 반응이 다들 재미있다였습니다. 토르3하고 비교하면 안될듯 하네요. 역시 원더우먼이 짱입니다. ~,10,9,4,2017-11-16 18:36:00,0
506,극혐 노리타(lsm0****),아마존 여전사들 쩔고 슈퍼맨도 쩔고!!,10,9,4,2017-11-15 21:09:00,0
507,은하수 02(dbtj****),조스웨던의 손길이 닿은 DC는 성공적이구나,10,9,4,2017-11-15 15:18:00,0
508,이환진(qkdr****),지금까지 디씨가 기억안날정도로 역대급재밋었다,10,9,4,2017-11-15 14:03:00,0
509,uma1****,파워있고 쉴새없는 영상미 덕에 지루하지가않았다,10,9,4,2017-11-15 14:01:00,0
510,생수(park****),확실히 지금까지 dc영화보다는 재미있음,10,9,4,2017-11-15 09:02:00,0
511,tota****,원더우먼 이후 DC가 영화를 제대로 만들기 시작했다는 걸 실감할수 있는 초대형 히어로 영화!,10,10,5,2017-11-15 13:58:00,0
512,pala****,음 기대를 철저히 부시고 짓밟고 깨고 뭉게고 갈아버린 최악의 영화. 간신히 원더우먼이 솔로 무비로 산소 기계 호흡기를 low tidal volume으로 호기말 양압까지 걸어가며 ARDS 환자를 살려냈건만 저스티스 리...,1,11,6,2017-11-23 16:10:00,관람객
513,LauncheR(show****),별점 테러 하는 극혐놈들 때려 죽이고 싶다. 조드 장군처럼 건물 던지고 때려줄까?,9,12,7,2017-11-15 14:22:00,0
514,강현홍(gusg****),영상처리효과 하나는 죽여줍니다,10,12,7,2017-11-15 10:21:00,0
515,dks(anjh****),뭐하는 영화인지 모르겠음 타격감 없음악당 겁나 띨함 상대적으로 영웅들의 우수함보다는 다 하향평준화시키는 영화,2,13,8,2017-11-17 01:59:00,관람객
516,julz2134(julz****),아니 씨발 스토리 빌런은 왜 그따워야 걍 어벤져스 처럼 지능캐하던가 OO같이 약한 힘캐  진짜 포스 도 없고 딴애들 왜 나온거냐  슢스 혼자서 다 해결 하겠더만 이게또 cg까지 OO와 저번 배대슈 이후로 한번만 더믿...,1,14,9,2017-11-15 17:57:00,0
517,후아앙(dant****),평점 테러하는애들 영화 보고 1점주는거냐?? 편갈라서 평점 테러 하는거 안부끄럽냐??,10,14,9,2017-11-15 13:51:00,0
518,pwnz****,평점 태러 하는 놈들 덕분에 갑자기 보고 싶어짐,10,16,11,2017-11-15 13:58:00,0
519,KIA TIGERS V12(kang****),"DC의 부활을 알리는 완벽한 신호탄이다. 대부분 이런 영화는 초반에 히어로를 모으는 과정이 길어서 지루해 질 수 있는데, 그 과정들이 짧아서 지루하지 않았다. 게다가 생소할 수 있는 캐릭터들의 설명을 각각의 전투신으...",10,17,12,2017-11-15 17:50:00,0
520,월광(fory****),처보지도 않고 별점 테러하는 놈들 어지간히 해라. 그 잘난 마블 시리즈들 중 이번 저스티스리그보다 못한 것들이 태반이구만 뭘 ㅋㅋㅋ,10,17,12,2017-11-15 14:15:00,0
521,skid****,너무재밌게봤어요ㅠㅠㅠ디씨이제 흥할수있는거예요?,10,17,12,2017-11-15 14:02:00,0
522,neos****,Dc스러움을 기대하고 본다면..기대이하.감독은 마블같은 대중성과 디시스러운 매니아적 요소를 노렸겠지만 영화는 그저 2시간 내내 대학mt와같이 아이엠그라운드를 할뿐이다. 정말 배트맨을 이렇게 망쳐놔서는 안되었다. 납득...,5,18,13,2017-11-16 06:58:00,관람객
523,tifk****,마블빠인데 시빌워보다 잘 만들었다 생각 전작 리그의 시작 보다 개연성 캐릭터매력 등 1만배는 나음 슈퍼맨 짱!! 한가지 아쉽다면 아쿠아맨 싸울 때 물 좀 줬으면...창하나들고싸워ㅠ,10,24,19,2017-11-15 17:44:00,0
524,siri(siri****),이것은 마치 컬러풀하고 화려한 액션에 위트까지 더해진 환상적인 영화,10,25,20,2017-11-15 18:53:00,관람객
525,ysk7****,보면앎내가 왜 1점줬는지,1,28,23,2017-11-15 23:20:00,관람객
526,The King(kgh7****),어벤져스 : 드디어뭉쳤다. 저스티스리그 : 일단 뭉쳤다.,8,4,0,2020-02-15 02:25:00,0
527,01205(drkk****),나만 괜찮앗나?  ㅎㅎ 다음편은 좀더 흐름있게  만들어주길..,6,4,0,2020-01-25 15:34:00,0
528,rotz(hjun****),"영웅들이 유머를 던져도 재미가 하나도 없음. 액션도 형편없음. 베트맨은 콘트라 게임이 총쏘고, 나머지 영웅은 단일타격 펑! 펑! 펑! .. 내용도 B급도 아닌 C급수준. 이걸 보니 차라리 베놈이 더 재밌었다는 생각이...",1,4,0,2019-08-31 01:31:00,0
529,woot****,번개맨 속도를 슈퍼맨이 따라갈 때 섬뜩하긴 했는데 그래도 번개맨의 속도를 슈퍼맨이 따라가는 설정은 너무한 듯 캐릭터성이 사라짐,7,4,0,2019-08-21 17:49:00,0
530,afxagbjlb(ecw0****),누가 혼자선 세상을 못구한다 그랬니 찐따들이야 못구하겠지,1,4,0,2019-07-23 18:37:00,0
531,라크디안(trah****),"제작사의 개입과 감독 교체로 원형을 짐작하기 어렵게 된 스나이더 판 저스티스 리그의 처참한 잔해. 굉장한 디자인과 캐스팅으로 완성된 캐릭터들엔 영혼이 없고, 전작과의 연관성이 명백한 요소들이 무의미하게 허공을 떠도는...",5,4,0,2019-04-10 00:29:00,0
532,ckal****,박스이름도 마더라니 효자dc,6,4,0,2019-04-03 23:22:00,0
533,쁘띠맘마(ncan****),밸런스가 전혀 안맞는다,4,4,0,2018-12-25 22:20:00,0
534,MDDM(ljw0****),파워레인져 초호화 버젼,4,4,0,2018-12-25 00:17:00,0
535,Kn9842(yc_k****),솔직히 DC 팬으로서 배대슈는 영상미 하나만 평가한다면 고평가를 줄만 했는데. 이건 뭐 어떻게 쉴드조차 못 치겠다. 이걸 돈주고 안봐서 다행이었다. 수어사이드 스쿼드보단 낫지만 똥이 설사가 아닌 수준일뿐이다.,1,4,0,2018-12-17 20:36:00,0
536,물깜(spdl****),맨 오브 스틸ll : 영웅의 부활,1,4,0,2018-12-16 00:39:00,0
537,크리스티아누법정출두(cjhc****),이건 히어로가 아니라 진짜 잡탕을 만든 dc,4,4,0,2018-12-15 06:37:00,0
538,피터(guju****),저스티스리그는 그들만의 리그가 될 것 같다...,3,4,0,2018-10-30 03:38:00,0
539,김주영(kjyo****),'인간' 한 명은 세상을 구하지 못하지만 '외계인' 한 명은 세상을 구할 수 이씀,5,4,0,2018-06-27 22:09:00,0
540,묻어가세(hspe****),이렇게 밖에 못 만드는 것도 능력이다.,5,4,0,2018-06-13 00:15:00,0
541,휴3(whrp****),진짜 마블에 반의 반만 이라도 따라가 봐라,1,4,0,2018-04-22 03:32:00,0
542,Kanzie(kmcc****),"DC만의 색깔이 있는데, 마블처럼 하려다 이도저도 아닌 영화됨. 적어도 뭐하나 갈등이나 리그가 쉽게 만들어지지 않았다라는 점이라도 다뤘음 했는데. 첨부터 우린 안돼, 슈퍼맨 버프 있으니까 5명 개갤되다가 2시간 채웠...",5,4,0,2018-03-31 09:44:00,0
543,클로이모레니(tjfl****),차라리 DC 특유의 어두운 분위기에  R등급 영화로 만들었으면 평가라도 좋았겠지..흥행도 참패하고 평가도 참패하고..DC 영화는 변화가 필요하다,3,4,0,2018-03-22 00:41:00,0
544,히츠가야(mura****),디씨는 마블을 못이겨...정신차려,6,4,0,2018-03-02 10:13:00,관람객
545,영턱스클럽스(desp****),재미없고유치하고...,1,4,0,2018-01-04 10:19:00,0
546,서현(lees****),진짜 영상미도 스토리도 조ㄴ나허접함 눈 썩는다 썩어,1,4,0,2017-12-25 14:52:00,0
547,Via(pakk****),인기있는 캐릭터들이 이렇게 많이 나오는데 유치하고 정말 재미가 없다.,1,4,0,2017-12-25 13:48:00,0
548,파치리스(donf****),DC는 앞으로도 영웅밸런스때문에 골머리 앓겠다... 배트맨이 완전 돈많은 찐따됐네,7,4,0,2017-12-12 14:38:00,0
549,릴케(zini****),에휴..뭐가 할말이 있겠냐..스나이더형..,5,4,0,2017-12-07 10:34:00,관람객
550,웨스커(rich****),어설픈 연출 슈퍼맨 위엔 들러리...배트맨이 이렇게 약할 수가 있나 싶다...내가 알던 DC코믹북의 배트맨과는 넘나 동떨어진 캬악,5,4,0,2017-12-06 20:45:00,관람객
551,grea****,아싸식 민망한 개그 개연성 부족한 액션들끝!,3,4,0,2017-12-06 16:21:00,관람객
552,꼬맹지섭(rlae****),잭 스나이더를 기다려보는걸로 ...,6,4,0,2017-12-05 19:41:00,관람객
553,nive****,맨 오브 스틸이 그립다.,6,4,0,2017-12-05 19:29:00,0
554,계왕신(blen****),4점짜리영화 밸런스 맞추러왔습니다..,1,4,0,2017-12-02 11:24:00,0
555,날피(aqua****),볼만한 엑션이네요  후속도 기대 됨,7,4,0,2017-12-01 19:23:00,관람객
556,ifu(cods****),기대안하고봤는데 걍 나쁘지않아요,7,4,0,2017-11-30 14:54:00,관람객
557,김죠스(alrn****),흠 너무너무 아쉬웠다 그렇다,7,4,0,2017-11-28 12:02:00,관람객
558,천시몬(simo****),It was less than expected.  Very disappointing,7,4,0,2017-11-28 10:36:00,관람객
559,LSB(leez****),수어사이드 스쿼드가 묽은 설사라면저스티스 리그는 잘싼 황금변 정도는 됨.,6,4,0,2017-11-28 00:41:00,관람객
560,Man(ggam****),"이제야 조금 볼만하다, 힘내라 DC",6,4,0,2017-11-27 21:03:00,관람객
561,이고은(goeu****),왜 완성도가 100은 아닌거같지...뒤쪽으로 갈수록 어짜피 슈퍼맨이면 되는건가 생각해게되고 다른게 더 있나 이렇다좀 아쉬움이있었지만 통쾌한 히어로물이였당,7,4,0,2017-11-27 01:55:00,0
562,wleo****,나름 쟈밋게 잘보앗네요,5,4,0,2017-11-27 00:11:00,관람객
563,tbvj****,슈퍼맨을 어떻게 이겼냐? 매력없는 빌런 히어로는 덤,1,4,0,2017-11-26 19:39:00,0
564,동두랑(hide****),",.,.,.,.,.,.,.,.,.,.,.,.",1,4,0,2017-11-26 19:02:00,0
565,히스헤링(dlaw****),dc는 잊지말길. 지금 이상태로는 마블 어벤져스에 가까이 갈수도 없음을....영화 흥행실패의 원인에 대한 방향 자체를 잘못잡은거 아닌가 싶다.,7,4,0,2017-11-26 01:29:00,관람객
566,INY(rudx****),"이 좋은 캐릭터를 두고, 시나리오와 세계관은 10년 전의 유행을 답습. 그래서 난 안습.",5,4,0,2017-11-25 21:07:00,0
567,KITCAT(oops****),원더우먼으로 쌓은 기대감 다 날려버림ㅠ 이게 머야?ㅠㅜㅜ 스토리가 개연성이라고는 1도 없음ㅠ,6,4,0,2017-11-23 22:00:00,관람객
568,스티브(tyoh****),결말이 수퍼맨을 위해 존재하는 듯한 균형감 상실이 엔딩을 더더욱 어이없게 만든 것 같다,6,4,0,2017-11-23 21:49:00,관람객
569,chan****,스토리는 너무 어거지 같았지만 액션씬은 훌륭했음,7,4,0,2017-11-23 15:00:00,관람객
570,유(na_j****),수어사이드랑 다른게 머냐?,4,4,0,2017-11-23 14:00:00,관람객
571,양형(gudt****),너무 많은 기대를 했구나 ㅠㅜ,4,4,0,2017-11-23 13:05:00,관람객
572,ling****,마블 어벤져스 따라잡기인 느낌에 실망. 본래 DC의 색을 찾아나가길..이제 부터 본격적인 시작이라고 믿고싶다.,7,4,0,2017-11-22 19:08:00,0
573,james kainz lee(soso****),영화 스토리는 나름 괜찮음. 그전 배트맨시리즈는  브루스가 배트맨 수트를 입으면 힘이 강해지고 여러가지 무기를 쓰는 재미가 있었는데 슈퍼맨 앞에서면 그냥 하룻강아지 된 느낌?? 힘 밸런스가 필요함.,7,4,0,2017-11-22 18:13:00,0
574,Chris(arch****),값비싼 정의닦이 .. 제가 악평 잘 안쓰는데 이건 좀,4,4,0,2017-11-22 14:04:00,0
575,MCloud(dero****),재미있었음 마블은 처음에 잘봐지는 영화고 디씨는 후에 다시보기가 새로운 그런 영화 ㅋ,10,4,0,2017-11-22 12:55:00,0
576,불쟁이(bulj****),DC해줘도 졸지않고 보기 어려움,2,4,0,2017-11-22 00:22:00,0
577,enfl****,영화관에서 잔적 오랜만이다 꿀잠자고왔다 영화제목바꿔야됨 슈퍼맨과 아이들 재미하나도없다 ㅡㅡ 진짜 화나네,2,4,0,2017-11-22 00:14:00,0
578,타카이시 마쿠토X1(jung****),원더우먼 때보다 왜 떨어졌나.. 앞으로 다른 캐릭터들도 슈퍼맨 살린 방식으로 살리면 되겠네. 조드&아레스 이후로 간지나는 악당 좀 나와라..,7,4,0,2017-11-21 23:08:00,관람객
579,약오르쥐(alla****),슈퍼맨 혼자서두..밸런스가 안맞은 느낌.ㅎ 아쉽네요..배트맨 넘 초라함 ㅎ..,7,4,0,2017-11-21 23:04:00,관람객
580,tkcl****,DC사장이 마블 스파이 아니냐?,3,4,0,2017-11-21 23:03:00,0
581,승주머신(absd****),영웅들이 아깝다 영화가 너무 어둡고 지루함,3,4,0,2017-11-21 21:47:00,관람객
582,제니(peti****),킬링타임용으로는 볼 만 해요,7,4,0,2017-11-21 20:03:00,관람객
583,jinn****,초반엔 지루하고 후반은 진부하다 DC 세계관을 설득력 있게 만들어야 하는데 그것도 안해서 스토리가 얕음 딱 킬링타임용,6,4,0,2017-11-21 19:20:00,0
584,fpzk****,그냥 한번쯤 볼만한 영화였어요...,5,4,0,2017-11-21 18:21:00,관람객
585,맹꽁이(yato****),주말 2천원 할인받아 9천원주고봤는데진짜 돈 아깝다고 느낀 영화..최악임.진심 돈 아깝다.슈퍼맨이 갑이고 쌩뚱맞은 스토리전개,2,4,0,2017-11-21 17:43:00,0
586,jama****,"조금부족한느낌,,,,마블의액션을따라가지못하는거같음,,,아쉬움",7,4,0,2017-11-21 16:30:00,관람객
587,이승선(vtvt****),원더우먼이제일 멋져요,7,4,0,2017-11-20 20:06:00,관람객
588,BKJYMCH98(mun2****),액션은 확실히 마블보다는 DC네ㅋㅋ,10,4,0,2017-11-20 15:19:00,0
589,tpwj****,역쉬 멋지네요~^^ 슈퍼맨 좋아,7,4,0,2017-11-20 13:09:00,관람객
590,더락(vawu****),원더우먼은 슈퍼맨 안다치게하려고 살살한거라 치고 플래시는 아직 애라그렇다치고 아콰맨은 육지적응력부족이라치고 대체 감히 다크나이트님을 이따구로 표현한 이유는 뭘까? 잭스나이더가 슈퍼맨빤가??,7,4,0,2017-11-20 12:18:00,0
591,리프벌룬(gktm****),원더우먼 완전멋있엉 ㅋㅋ,7,4,0,2017-11-20 09:38:00,관람객
592,hans(jeey****),"슈퍼맨 없으면 지구는 멸망. 다른 히어로들 밸런스 붕괴됐고 악당은 유치하고 캐릭터도 그냥 그렇고..배트맨은 밤의 기사에서 돈많은 스폰서, 죄책감에 쭈글대는 불쌍한 사람이 됐다..배트맨 캐붕 어쩔거임...원더우먼 이뻐...",1,4,0,2017-11-19 21:17:00,0
593,미광산업개발(yhac****),바로구매후 영화봤어요간만에 아이들과 극장나들이^^,10,4,0,2017-11-19 18:02:00,관람객
594,쭌미7632(judy****),너무너무재밌게봤어요.다이애나예뻐요.ㅎ,10,4,0,2017-11-19 17:40:00,관람객
595,또로록(solm****),역시 원더우먼 짱이에요.,10,4,0,2017-11-19 17:36:00,관람객
596,버가모(sykm****),디씨 화이팅 다음편 기대된다,10,4,0,2017-11-19 17:34:00,관람객
597,황형섭(gudt****),생각한거보다볼만해요,9,4,0,2017-11-19 17:25:00,관람객
598,key1****,다들 멋지네요 다들 멋지네요,9,4,0,2017-11-19 17:08:00,관람객
599,sguu****,잘보았습니다 .정신없이,9,4,0,2017-11-19 17:05:00,관람객
600,금동 맘(jhyu****),온 가족이  맘 편히  눈요기로  볼 수  있는  영화,9,4,0,2017-11-19 17:04:00,관람객
601,yklo****,너무 재밋엇어요 ㅎㅎ늦게 봣는데 안졸고 재밋엇어요 ㅎㅎ,10,4,0,2017-11-19 17:03:00,관람객
602,dona****,정말 재밌네요~~시간 가는줄 몰랐어요~,10,4,0,2017-11-19 16:52:00,관람객
603,형(pdm1****),재밌네요굳굳굳ㅎㅎ굳,10,4,0,2017-11-19 16:51:00,관람객
604,xogu****,재밋음재밋음재밋음재,10,4,0,2017-11-19 16:43:00,관람객
605,인호(rino****),디시영화중 가장 잘만듬!!  차기작이 기대되네요!!!,9,4,0,2017-11-19 16:33:00,관람객
606,noon****,가장 코믹스와 비슷한 배트맨 난 DC가 더 맘에 든다. DC는 그냥 DC스러웠음 좋겠다,10,4,0,2017-11-19 16:28:00,0
607,뚱덕쿠(sehw****),재밌네요 아주좋아요굿,8,4,0,2017-11-19 16:25:00,관람객
608,pamu****,얘들이 좋아해요. 나름 재미있어요,8,4,0,2017-11-19 12:35:00,관람객
609,달구사랑(ha0e****),조아요 아주 재미있었네요,10,4,0,2017-11-19 07:43:00,관람객
610,만돌베(kden****),"그 다음편을 위한 무난한 전개,딱 거기까지만,담편을 기대해본다",7,4,0,2017-11-19 02:22:00,관람객
611,가가하(raja****),재미있었음하하노다나,8,4,0,2017-11-19 01:36:00,관람객
612,콜러스(coll****),이정도면 매우극상타 영화 벨붕어쩌고 그러는데 수퍼맨 약했으면 왜살렸냐고 ㅈㄹ 거릴거아닌가?,10,4,0,2017-11-18 19:40:00,0
613,구름없이맑은하늘(cwj1****),말도안되... 세 종족이서 겨우 막은 애를 슈퍼맨 한명이서 해치운다고? 거참....,6,4,0,2017-11-18 17:59:00,0
614,펫떳스윙(army****),아직까지  내용이  무겁네용~~좀더   힘좀빼자고용~~^^,6,4,0,2017-11-18 17:50:00,관람객
615,고스트(pkj5****),"히어로가6명인데 액션이짧다, 애들모으는데 시간이다갔다,  애들솔로영화먼저해야 사람들이 이해를하는데 저스티스팀이 먼저나오고 아쿠아맨,플래쉬,사이보그 영화가 늦게나온다, 뻔한이야기, 그냥슈퍼맨혼자있으면 맴버들필요없네 (...",7,4,0,2017-11-18 17:35:00,0
616,drea****,배트맨이 너프 당했네 10자,8,4,0,2017-11-18 12:02:00,관람객
617,강씨(kang****),"지구의 위기라는데 일반인 피해는 0에 수렴하고, 적들은 외곽한적한데서 뭐 해볼려다가 털리고, 종말이란 애는 다른 애들 다 바를 실력인데 게릴라만 하다 슈퍼맨 나와서 탈탈 털리고, 지구의 모든 힘 <<&lt...",6,4,0,2017-11-18 09:12:00,0
618,용짱(snpu****),이제부터 스토리 시작이내.앞으로가 더 기대됨.,9,4,0,2017-11-17 22:18:00,0
619,jae0****,하..보세요 꼭 보세요!!! 이게 바로 DC,9,4,0,2017-11-17 21:56:00,0
620,하지맘(rhf0****),저는 재밌게 봤어요! 슈퍼맨이 저래 쎈줄 몰랐음ㅋㅋ슈퍼맨존잘!베트맨은 등빨만 커ㅜ,9,4,0,2017-11-17 21:53:00,0
621,무한궤도(ktj9****),저는 솔직히 토르보다 낫네요.  진심으로 토르가 뭐가 재밌는지 모르겠어요. 이 영화도 최고는 아니지만 토르보다는 나았습니다.,9,4,0,2017-11-17 21:28:00,0
622,yhyc****,미모는 역쉬 원더우먼. 실력의 갑은 슈퍼맨,10,4,0,2017-11-17 21:27:00,0
623,po대충wer(curr****),"이야기를 만드는 능력과 그것을 보여주는 능력, 둘 다에게 박수!",10,4,0,2017-11-17 21:26:00,0
624,돼zico(dmsw****),최근에본 DC영화 중에서는 제일 좋습니다 쿠기령상 두개있으니 챙겨보세요,10,4,0,2017-11-17 21:22:00,0
625,dkra****,생각없이 웃으면서 보았네요~~,10,4,0,2017-11-17 21:13:00,0
626,nelo****,오락성은 좋아요. 히어로물 좋아하는 분들은 화려해서 볼만합니다 ^^,10,4,0,2017-11-17 21:12:00,0
627,wntj****,줄거리가 빈약하고 액션이 다소 약했지만 히어로물을 좋아해서 딱 8점,8,4,0,2017-11-17 18:56:00,관람객
628,HniJni(skyl****),원더우먼 왜케 예쁘니.. 볼수록 이뻐지네,10,4,0,2017-11-17 16:54:00,0
629,조각(dkwj****),다 필요없고 슈퍼맨이 졸라 잘생겼다,10,4,0,2017-11-17 16:46:00,0
630,TY(bpre****),기대를 안하고 봤기에 실망도 크지는 않다. 그러나 원더우먼으로 그나마 살려둔걸 다시 꺼트리는 느낌 / 수퍼맨이 너무나 강력해서 데우스 엑스 마키나가 아니라 그냥 데우스로 등장했던 것 같다. 영화 내용도 많이본 스토리...,7,4,0,2017-11-17 11:35:00,관람객
631,neos****,이건 저스티스리그가 아니라 슈퍼맨과 똘마니들 아닌가. 그렇게 힘들게 적들과 싸우는데 슈퍼맨 등장으로 올킬 역시 끝판왕은 슈퍼맨이구만,8,4,0,2017-11-17 10:28:00,0
632,wlst****,so so해요.  마블이상은 아닌듯.  개인적인 차이가 있겠지만 그랴도 헐리웃 영화 cg는.  무시못하죠,6,4,0,2017-11-17 00:47:00,관람객
633,cham****,기대보다 괜찮았음. 다만 슈퍼맨이 다 할꺼면 딴 멤버가 왜필요한지가 좀..  슈퍼맨 살리는거까지가 역할일지는 모르겠지만.베트맨도 너무 근육덩어리가 왔다갔다해 나오면 답답함. 예전 베트맨같은 좀 날씬근육이면 나을듯,7,4,0,2017-11-16 22:25:00,0
634,your****,원더우먼 너무 멋있게 나와요..근육남들 눈에 않보임!,8,4,0,2017-11-16 22:20:00,0
635,깐돌승준(heey****),빅터 귀여웡?? ㅋㅋ imax로 꼭봐야할듯,10,4,0,2017-11-16 20:21:00,0
636,Mr goodcat(zing****),재미는 있었지만 170분짜리를 120분으로 컷팅 당한 극장판보다 확장판의 개봉을 보고싶구나~,10,4,0,2017-11-16 10:48:00,0
637,그린브리즈(salu****),이런 장르의 영화를 좋아하는 편인데솔직히 좀- 지루한 느낌..?  그나마 플래시는 귀여웠음,7,4,0,2017-11-16 00:41:00,0
638,에스(ss12****),디씨 영화는 여자캐릭터 하나는 정말 잘살린다 ㅋㅋ,9,4,0,2017-11-15 23:32:00,0
639,KILLMOON(ligh****),한반도에 와서 돼지 김정은과 삶은 소대가리 문재인 죽여주세요,10,5,1,2019-11-12 00:30:00,0
640,parkhyonsu(omom****),저스티스 리그: 슈퍼맨,3,5,1,2019-08-31 15:24:00,0
641,한샷(hans****),영화면 만화적인 색채를 좀빼고 무게감있게 가야지않나 대사만 폼잡는 아동용이네.. DC는 다크나이트 반에반만이라도 해라~,4,5,1,2019-07-21 02:03:00,0
642,그놈(rmsh****),자꾸 마더 마더 엄마 엄청 찾네 악당이란 놈이,1,5,1,2019-07-21 00:41:00,0
643,vsky****,이 좋은 캐릭과 출연진을 가지고 이정도 수준으로 연출할 수 밖에 없었나...,4,5,1,2019-07-15 19:39:00,0
644,dltj****,잭스나이더는 도중하차하고 어벤저스1 만들엇던 조스웨던이 만듬 이정도면 마블쪽에서 스파이 보낸거임 디씨 죽일라고,10,5,1,2019-07-13 00:39:00,0
645,축구왕슛돌(chun****),디씨 팬들 고생이많다 이런 희대의 3류 쓰레기영화 실드도 쳐야하고,2,5,1,2019-04-07 09:27:00,0
646,곰아멍멍해봐(pete****),맨오브 스틸의 조드장군이 얼마나 강력한적이었는지를 알려주는 영화... 혼자서는 세계를 구할수없다고? 틀렸어 슈퍼맨 아니 크립톤 사람 하나면 인류를 구할수있다,4,5,1,2019-02-02 18:32:00,0
647,튼튼이(jenn****),신 (스테판울프) <<<< 외계인 (슈퍼맨)이것이... 말이 되는가...,1,5,1,2019-02-01 22:57:00,0
648,미라클(many****),위험에 처한 민간인은 딱 네명?스테판 울프는 민간인 피해를 고려해서 외진 곳에서 일을 벌인건가요..? 끝나고 나란히 위에서서 꽃 피는거 구경하며 “이 장면은 놓치지 않아 다행이군.” 할때 손발 오글 와..저스티스 리...,3,5,1,2018-05-27 23:45:00,0
649,sorr****,디시를 바닥까지 추락시킨 작품 이후로 회생불가..,1,5,1,2018-05-16 17:00:00,0
650,새벽(lisu****),포스터부터 똥망포스네,4,5,1,2018-05-05 05:17:00,0
651,비디(rudd****),믿고거르는 디씨;;;;레알루;;,4,5,1,2018-05-04 18:00:00,관람객
652,티오피(khw6****),디시충들  평점테러하고 다니는거  꼴보기 싫어서  나도 테러할려고 했는데 막상 보니까 테러 딱히 안해도  5점은 못 넘길 영화더라  게다가  어제 어벤져스 인피니티 워도 봐서 ㅋㅋ 엄청난 비교가,4,5,1,2018-04-28 16:12:00,0
653,Heigle(hyun****),진짜 ㅈ노잼....밸붕에 캐붕에 개연성 박살은 기본에 재미까지 없다... DC는 그냥 영화를 만들지 말자,2,5,1,2018-02-08 15:55:00,0
654,쏭방장(sson****),슈퍼맨만있어도 인류를 구할수있는영화에 굳이 다른멤버를 넣어야했나?,1,5,1,2018-01-02 05:19:00,0
655,maybe(cong****),다갑이 합동해서 죽일수있게좀하지 ㅋㅋㅋ 슈퍼맨만 밸붕이잖아 ㅡㅡ;,1,5,1,2017-12-31 21:45:00,0
656,이노센트(duke****),"언제까지 ""그래, 이정도면 DC치고는 선방했어.""로 자위만 할거냐? 마블 영화들 보면서 뭔가 본 받아야겠다는 생각은 들지 않냐?",1,5,1,2017-12-28 11:21:00,0
657,pbom****,공짜로  보여줘도 안 볼란다~~~,1,5,1,2017-12-25 02:24:00,0
658,대한몽국(ansr****),원래 원더우먼이 슈퍼맨과 90%로는 동급인데 너무약하게나왔다,1,5,1,2017-12-24 10:38:00,0
659,라즈링(kyun****),굉장히 실망스러운 영화였다기승전 슈퍼맨...,1,5,1,2017-12-20 17:34:00,관람객
660,KJY(jeek****),ㅠㅠ 이게 뭐지....ㅜㅜ엉엉,1,5,1,2017-12-19 08:40:00,관람객
661,MKIT(raws****),아니 진짜 토르보다 재밌었음 ㄹㅇ,10,5,1,2017-12-11 20:13:00,0
662,kjin****,졸았어요.. 애들도 그냥 그랬데요,7,5,1,2017-12-09 09:50:00,관람객
663,kjba****,스토리도 긴장감도 전혀 없네요. 정말 재미없습니다  중간에 잤습니다,3,5,1,2017-12-07 02:16:00,관람객
664,lamg****,"너무나도 뻔한 인물들의 순차적인 등장 및 소개,그보다 더 심각한 CG.. 그중 하이라이트는 알록달록 꽃들이 만개하며 영화의 끝을 알리는 장면이였습니다.과장 안보태고 저랑 같이 봤던 친구들은 자다깨다를 수없이 반복했더...",1,5,1,2017-12-06 12:46:00,0
665,포로포로포(lagu****),이게 어떻게8 점이냐 5넘이적당한데,1,5,1,2017-12-02 11:50:00,0
666,미스타로(soho****),겁나 재밌는 영화 저스티스리그,1,5,1,2017-12-02 01:40:00,관람객
667,qwerasdf(chob****),파워레인져보다 유치함,1,5,1,2017-11-30 01:05:00,0
668,Chorong Park(fhdx****),그냥 기대털고 영혼없이 보면 본전,6,5,1,2017-11-29 18:48:00,관람객
669,서승혁(skhj****),제발 각본 좀... 왜 항상 시작은 멋있게 해놓고 마무리가 신파극인지...,6,5,1,2017-11-29 14:24:00,관람객
