형태소,품사,분류,카운트
!,Punctuation,1,9
!,Punctuation,6,2
!,Punctuation,7,1
!,Punctuation,8,4
!,Punctuation,9,11
!,Punctuation,10,44
!!,Punctuation,1,1
!!,Punctuation,9,5
!!,Punctuation,10,31
!!!,Punctuation,1,2
!!!,Punctuation,8,1
!!!,Punctuation,9,4
!!!,Punctuation,10,18
!!!!,Punctuation,1,2
!!!!,Punctuation,9,1
!!!!,Punctuation,10,3
!!!!????,Punctuation,10,1
!!@@@!,Punctuation,8,1
!),Punctuation,10,1
"""",Punctuation,5,2
"""",Punctuation,10,2
',Punctuation,1,4
',Punctuation,10,5
(,Punctuation,9,1
(,Punctuation,10,1
(?),Punctuation,1,1
(?),Punctuation,10,1
),Punctuation,10,1
*-_-*,Punctuation,10,1
+,Punctuation,10,1
+-,Punctuation,10,1
",",Punctuation,1,38
",",Punctuation,4,4
",",Punctuation,6,1
",",Punctuation,7,1
",",Punctuation,8,3
",",Punctuation,9,2
",",Punctuation,10,36
",,",Punctuation,1,2
",,",Punctuation,8,1
",,,",Punctuation,10,3
",,,,",Punctuation,10,1
->,Punctuation,1,1
.,Foreign,10,1
.,Punctuation,1,210
.,Punctuation,2,2
.,Punctuation,3,8
.,Punctuation,4,10
.,Punctuation,5,3
.,Punctuation,6,11
.,Punctuation,7,7
.,Punctuation,8,30
.,Punctuation,9,40
.,Punctuation,10,154
.!,Punctuation,10,1
.',Punctuation,10,1
.),Punctuation,9,1
..,Punctuation,1,69
..,Punctuation,2,2
..,Punctuation,5,1
..,Punctuation,7,10
..,Punctuation,8,4
..,Punctuation,9,4
..,Punctuation,10,67
..!!,Punctuation,10,1
..!!!,Punctuation,10,1
...,Punctuation,1,110
...,Punctuation,2,3
...,Punctuation,3,1
...,Punctuation,4,4
...,Punctuation,5,5
...,Punctuation,7,6
...,Punctuation,8,7
...,Punctuation,9,10
...,Punctuation,10,57
...!!!!,Punctuation,10,1
...(,Punctuation,10,1
....,Punctuation,1,22
....,Punctuation,2,1
....,Punctuation,3,1
....,Punctuation,7,1
....,Punctuation,8,1
....,Punctuation,9,6
....,Punctuation,10,14
....=,Punctuation,9,1
....?,Punctuation,5,1
...;;;,Punctuation,1,1
..;;,Punctuation,1,1
..?,Punctuation,1,2
..^^,Punctuation,9,1
.;;;;,Punctuation,1,1
.~,Punctuation,8,1
/,Punctuation,1,1
0,Number,1,2
0.2,Number,10,1
1,Number,1,34
1,Number,2,1
1,Number,3,1
1,Number,9,1
1,Number,10,7
10,Number,1,9
10,Number,6,1
10,Number,8,1
10,Number,10,10
100,Number,1,2
100%,Number,10,2
1000억,Number,1,1
101010,Number,10,1
10년,Number,1,2
10분,Number,1,3
10분,Number,2,1
10분,Number,5,1
12,Number,1,2
13,Number,1,1
140,Number,1,1
140,Number,10,1
140분,Number,1,2
1500억,Number,1,1
150분,Number,4,1
1990년,Number,1,1
1만,Number,1,1
1만원,Number,9,1
1억,Number,10,1
1천원,Number,1,1
2,Number,1,5
2,Number,3,1
2,Number,8,1
2,Number,9,2
2,Number,10,4
20,Number,9,1
200만,Number,8,1
20년,Number,1,1
20분,Number,1,1
245,Number,1,1
2년,Number,10,1
2시,Number,9,1
2시간,Number,1,4
2시간,Number,2,1
2시간,Number,9,2
2시간,Number,10,2
3,Number,1,8
3,Number,3,1
3,Number,9,2
30분,Number,1,1
3500,Number,1,1
3년,Number,10,1
4,Number,1,3
4,Number,9,1
4,Number,10,2
40,Number,10,1
40년,Number,10,1
4900만달러,Number,10,1
5,Number,1,2
5,Number,5,1
5,Number,10,1
5.5,Number,1,1
5~6,Number,1,1
5분,Number,7,1
6,Number,1,5
6,Number,2,1
6-7,Number,1,1
6.5,Number,1,1
76년,Number,10,1
8,Number,1,5
8,Number,8,1
8,Number,10,1
8.26,Number,10,1
8.5,Number,10,1
8.7,Number,10,1
9,Number,1,2
9,Number,10,2
9%,Number,10,1
9.5,Number,10,1
90분,Number,4,1
93,Number,1,1
96%,Number,10,1
97,Number,1,1
97%,Number,10,1
9~10,Number,1,1
:),Punctuation,1,1
:),Punctuation,9,1
;;,Punctuation,1,3
;;,Punctuation,6,1
;;,Punctuation,10,1
;;;,Punctuation,1,2
;;;,Punctuation,10,2
=,Punctuation,1,1
=,Punctuation,10,2
?,Punctuation,1,28
?,Punctuation,2,2
?,Punctuation,4,1
?,Punctuation,6,2
?,Punctuation,8,1
?,Punctuation,10,30
?.,Punctuation,10,1
??,Punctuation,1,9
??,Punctuation,9,1
??,Punctuation,10,6
???,Punctuation,2,2
???,Punctuation,10,1
???....,Punctuation,1,1
????,Punctuation,1,1
Awesome,Alpha,10,1
CF,Alpha,10,1
CG,Alpha,1,4
D,Alpha,9,1
D,Alpha,10,2
DC,Alpha,1,28
DC,Alpha,3,1
DC,Alpha,4,1
DC,Alpha,5,1
DC,Alpha,6,1
DC,Alpha,7,1
DC,Alpha,8,4
DC,Alpha,9,20
DC,Alpha,10,54
DCEU,Alpha,10,2
Dc,Alpha,9,2
Dc,Alpha,10,4
Good,Alpha,10,1
N,Alpha,10,1
OO,Alpha,1,5
OOO,Alpha,1,3
OOO,Alpha,10,1
OST,Alpha,8,1
PTSD,Alpha,1,1
SF,Alpha,10,3
TvT,Alpha,10,1
VS,Alpha,1,1
^^,Punctuation,9,3
^^,Punctuation,10,8
^^...,Punctuation,1,1
^^;,Punctuation,1,1
bb,Alpha,8,1
bgm,Alpha,1,1
cg,Alpha,1,4
cg,Alpha,2,1
cg,Alpha,4,1
cg,Alpha,10,1
dc,Alpha,1,11
dc,Alpha,7,1
dc,Alpha,8,2
dc,Alpha,9,5
dc,Alpha,10,15
dx,Alpha,1,1
kt,Alpha,1,1
m,Alpha,9,1
ost,Alpha,10,1
top,Alpha,10,1
vs,Alpha,10,1
x,Alpha,1,2
~,Punctuation,1,7
~,Punctuation,8,1
~,Punctuation,9,6
~,Punctuation,10,12
~!,Punctuation,1,1
~!,Punctuation,9,1
~!,Punctuation,10,4
~!!,Punctuation,9,1
~!!,Punctuation,10,1
~!!!,Punctuation,10,1
~.,Punctuation,8,1
~^^,Punctuation,10,2
~^^*,Punctuation,10,1
~~,Punctuation,1,3
~~,Punctuation,8,1
~~,Punctuation,9,3
~~,Punctuation,10,6
~~!!!,Punctuation,10,1
~~...,Punctuation,8,1
~~~,Punctuation,1,3
~~~,Punctuation,10,2
~~~~,Punctuation,1,3
~~~~,Punctuation,8,1
~~~~,Punctuation,10,2
·,Punctuation,1,3
…,Punctuation,10,3
→,Foreign,1,1
♡,Foreign,9,1
♡,Foreign,10,4
♡♡,Foreign,10,1
♥,Foreign,10,1
♥♥,Foreign,10,1
♥♥♥,Foreign,10,1
ㄴ,KoreanParticle,10,1
ㄴㅈ,KoreanParticle,1,1
ㄷㄷ,KoreanParticle,10,1
ㄷㄷㄷ,KoreanParticle,1,1
ㄷㄹㄱ,KoreanParticle,10,1
ㄸㄷ,KoreanParticle,10,1
ㄹㅇ,KoreanParticle,1,4
ㄹㅇ,KoreanParticle,10,1
ㅂㅅ,KoreanParticle,1,1
ㅅㄲ,KoreanParticle,1,1
ㅅㅂ,KoreanParticle,1,1
ㅇ,KoreanParticle,1,1
ㅇ,KoreanParticle,10,1
ㅇㅈ,KoreanParticle,10,1
ㅈㄴ,KoreanParticle,1,2
ㅉㅉ,KoreanParticle,1,3
ㅋ,KoreanParticle,1,1
ㅋ,KoreanParticle,5,1
ㅋ,KoreanParticle,7,1
ㅋ,KoreanParticle,8,1
ㅋ,KoreanParticle,10,11
ㅋㅋ,KoreanParticle,1,12
ㅋㅋ,KoreanParticle,8,4
ㅋㅋ,KoreanParticle,9,1
ㅋㅋ,KoreanParticle,10,26
ㅋㅋㅋ,KoreanParticle,1,5
ㅋㅋㅋ,KoreanParticle,6,1
ㅋㅋㅋ,KoreanParticle,10,12
ㅋㅋㅋㅋ,KoreanParticle,1,6
ㅋㅋㅋㅋ,KoreanParticle,8,1
ㅋㅋㅋㅋ,KoreanParticle,10,5
ㅎ,KoreanParticle,9,2
ㅎ,KoreanParticle,10,3
ㅎㅅㅎ,KoreanParticle,10,1
ㅎㅎ,KoreanParticle,1,3
ㅎㅎ,KoreanParticle,8,1
ㅎㅎ,KoreanParticle,9,1
ㅎㅎ,KoreanParticle,10,5
ㅎㅎㅎ,KoreanParticle,1,2
ㅎㅎㅎ,KoreanParticle,8,1
ㅎㅎㅎ,KoreanParticle,10,2
ㅎㅎㅎㅎ,KoreanParticle,10,1
ㅏ,KoreanParticle,10,1
ㅗㅆ,KoreanParticle,10,1
ㅛ,KoreanParticle,10,1
ㅜ,KoreanParticle,1,3
ㅜ,KoreanParticle,5,2
ㅜ,KoreanParticle,10,2
ㅜㅜ,KoreanParticle,1,3
ㅜㅜ,KoreanParticle,7,2
ㅜㅜ,KoreanParticle,10,4
ㅜㅜㅜ,KoreanParticle,10,4
ㅜㅜㅜㅜ,KoreanParticle,10,1
ㅜㅠ,KoreanParticle,10,1
ㅠ,KoreanParticle,1,6
ㅠ,KoreanParticle,8,1
ㅠ,KoreanParticle,10,4
ㅠㅜ,KoreanParticle,1,3
ㅠㅠ,KoreanParticle,1,7
ㅠㅠ,KoreanParticle,8,2
ㅠㅠ,KoreanParticle,10,17
ㅠㅠㅠ,KoreanParticle,8,1
ㅠㅠㅠ,KoreanParticle,10,2
ㅠㅠㅠㅠ,KoreanParticle,10,1
ㅡ,KoreanParticle,1,2
ㅡㅡ,KoreanParticle,1,4
가,Josa,1,69
가,Josa,2,2
가,Josa,4,1
가,Josa,5,4
가,Josa,6,1
가,Josa,7,3
가,Josa,8,8
가,Josa,9,10
가,Josa,10,64
가,Verb,1,17
가,Verb,4,1
가,Verb,6,1
가,Verb,7,2
가,Verb,8,7
가,Verb,9,8
가,Verb,10,42
가고,Verb,1,3
가고싶다,Verb,1,1
가까운,Adjective,1,1
가깝다,Adjective,1,1
가끔,Noun,9,1
가네요,Verb,10,1
가는게,Verb,10,1
가는줄,Verb,10,5
가늠,Noun,10,1
가능성,Noun,8,1
가능성,Noun,9,1
가능성,Noun,10,1
가능하긴,Adjective,10,1
가능하며,Adjective,10,1
가능하면,Adjective,1,1
가능한듯,Adjective,10,1
가도,Noun,10,1
가득해,Adjective,10,1
가리,Verb,1,1
가린,Verb,1,1
가볍게,Adjective,10,1
가보,Noun,5,1
가보기에도,Verb,1,1
가볼,Verb,1,1
가봄,Verb,1,1
가봐도,Verb,9,1
가봐라,Verb,1,1
가사,Noun,1,1
가상,Noun,7,1
가서,Verb,1,1
가서,Verb,5,1
가서,Verb,8,1
가서,Verb,9,1
가서,Verb,10,4
가서는,Verb,1,2
가서리,Verb,7,1
가슴,Noun,9,3
가시,Noun,1,1
가시게,Verb,1,1
가시는,Verb,1,1
가오,Noun,10,1
가자지구,Noun,1,2
가장,Noun,1,5
가장,Noun,7,1
가장,Noun,8,1
가장,Noun,9,2
가장,Noun,10,8
가제,Noun,9,1
가족,Noun,8,1
가족,Noun,10,3
가족영화,Noun,2,1
가진,Verb,1,1
가짜,Noun,1,1
가차,Noun,5,1
가치,Noun,9,1
가치,Noun,10,1
각,Noun,1,1
각본,Noun,1,1
각성,Noun,10,1
각자,Noun,10,1
간,Foreign,1,1
간,Foreign,10,1
간,Noun,1,1
간,Noun,4,1
간,Noun,9,1
간간히,Adverb,8,1
간다,Noun,10,1
간디,Noun,1,1
간만,Noun,9,2
간만,Noun,10,7
간지,Noun,10,2
간히,Verb,10,1
갈,Verb,9,1
갈,Verb,10,1
갈리오,Noun,10,1
갈수록,Noun,1,5
갈수록,Noun,10,1
감,Noun,1,5
감,Noun,8,2
감,Noun,9,1
감,Noun,10,3
감격,Noun,10,1
감기,Noun,1,1
감당,Noun,10,1
감덩,Noun,10,1
감독,Noun,1,3
감독,Noun,10,9
감동,Noun,1,3
감동,Noun,6,1
감동,Noun,9,3
감동,Noun,10,12
감사합니다,Verb,10,1
감상,Noun,1,2
감상,Noun,10,1
감성,Noun,10,1
감안,Noun,3,1
감안,Noun,10,1
감은,Verb,10,1
감자,Noun,1,1
감정,Noun,1,1
감정,Noun,10,2
감탄,Noun,9,2
감탄,Noun,10,4
감탄사,Noun,10,1
감팔,Noun,1,1
갑니다,Verb,1,1
갑옷,Noun,1,1
갑옷,Noun,2,1
갑자기,Noun,1,3
갑자기,Noun,8,1
갑자기,Noun,10,1
갑작스런,Adjective,9,1
값,Noun,10,1
갓,Modifier,10,5
갓,Noun,1,1
갓,Noun,10,3
갓웨폰,Noun,1,1
갔는데,Verb,1,1
갔는데,Verb,9,1
갔다,Verb,1,1
갔다,Verb,7,1
갔다,Verb,10,1
갔다가,Verb,1,2
갔다가,Verb,10,1
갔던,Verb,1,1
갔어야,Verb,9,1
강,Noun,10,2
강력한,Adjective,1,1
강력한,Adjective,10,1
강력해,Adjective,1,1
강렬하고,Adjective,10,1
강추,Noun,10,4
강추임,Noun,10,1
강하고,Adjective,9,1
강하고,Adjective,10,1
강함과,Adjective,10,1
강해진,Noun,10,1
강했던,Adjective,10,1
같,Adjective,9,1
같고,Adjective,9,1
같군요,Adjective,10,1
같네요,Adjective,1,1
같네요,Adjective,10,1
같다,Adjective,1,5
같다,Adjective,8,1
같다,Adjective,9,1
같다,Adjective,10,3
같다고,Adjective,1,1
같더라구요,Adjective,10,1
같습니다,Adjective,1,1
같습니다,Adjective,2,1
같습니다,Adjective,8,1
같습니다,Adjective,9,1
같습니다,Adjective,10,3
같아,Adjective,1,1
같아,Adjective,8,1
같아,Adjective,10,1
같아서,Adjective,10,1
같아요,Adjective,1,2
같아요,Adjective,7,1
같아요,Adjective,9,2
같아요,Adjective,10,2
같은,Adjective,1,3
같은,Adjective,6,1
같은,Adjective,8,1
같은,Adjective,10,5
같은거,Adjective,10,1
같은데,Adjective,1,1
같은데,Adjective,10,2
같음,Adjective,9,1
같음,Adjective,10,3
같이,Adverb,1,4
같이,Adverb,8,2
같이,Josa,10,2
개,Noun,1,22
개,Noun,2,1
개,Noun,6,1
개,Noun,9,1
개,Noun,10,8
개,Suffix,1,2
개,Suffix,10,1
개그,Noun,1,1
개기지도,Verb,4,1
개까,Verb,1,1
개꿀,Noun,10,1
개대,Noun,10,1
개도,Noun,1,1
개망,Noun,2,1
개봉,Noun,10,3
개뿔,Noun,1,1
개성,Noun,1,1
개성,Noun,8,1
개아까,Verb,1,1
개연,Noun,1,8
개연,Noun,2,1
개연,Noun,3,1
개연,Noun,6,1
개연,Noun,10,2
개오,Verb,1,1
개운하게,Adjective,1,1
개인,Noun,1,2
개인,Noun,7,1
개인,Noun,9,1
개인,Noun,10,3
개존멋,Noun,10,1
개준다,Verb,1,1
개쩜,Noun,10,1
개판,Noun,1,1
개핵,Noun,1,1
객관,Noun,9,1
갤,Verb,1,5
갤,Verb,4,1
갤,Verb,7,2
갤,Verb,8,5
갤,Verb,9,6
갤,Verb,10,26
갤가,Verb,1,12
갤가,Verb,2,1
갤가,Verb,5,1
갤가,Verb,6,2
갤가,Verb,7,3
갤가,Verb,8,6
갤가,Verb,9,5
갤가,Verb,10,37
걍,Adverb,1,3
걍,Adverb,10,1
거,Noun,1,12
거,Noun,5,1
거,Noun,7,1
거,Noun,8,1
거,Noun,9,1
거,Noun,10,8
거구,Noun,1,1
거기,Noun,1,2
거기,Noun,3,1
거르,Noun,1,2
거슬렸다,Verb,6,1
거의,Noun,1,2
거의,Noun,9,1
거의,Noun,10,1
거임,Noun,1,1
거지,Noun,1,2
거지,Noun,6,1
거짓말,Noun,1,2
거침,Verb,10,1
걱정,Noun,1,2
건,Noun,1,3
건,Noun,7,1
건,Noun,8,2
건,Noun,9,2
건,Noun,10,4
건가,Noun,1,4
건가,Noun,6,1
건가,Noun,10,1
건아,Noun,1,1
건지,Verb,1,2
건지,Verb,2,1
건지,Verb,10,1
건진거죠,Verb,4,1
걷자,Verb,10,1
걸,Noun,1,10
걸,Noun,5,1
걸,Noun,8,1
걸,Noun,9,2
걸,Noun,10,13
걸러,Verb,1,1
걸려서,Verb,10,1
걸린,Verb,1,2
걸어,Verb,7,1
걸어,Verb,10,1
걸작,Noun,9,1
검토,Noun,5,1
겁나,Verb,1,3
겁나,Verb,10,3
겁니다,Verb,1,2
겁니다,Verb,9,1
것,Noun,1,13
것,Noun,3,1
것,Noun,4,1
것,Noun,8,1
것,Noun,9,2
것,Noun,10,9
것일,Noun,6,1
게,Josa,1,16
게,Josa,2,2
게,Josa,3,1
게,Josa,4,1
게,Josa,5,2
게,Josa,6,2
게,Josa,8,2
게,Josa,9,1
게,Josa,10,12
게,Noun,1,5
게,Noun,2,1
게,Noun,10,1
게다가,Noun,1,1
게왜,Noun,1,1
게임,Noun,1,2
게재,Noun,10,1
겔가돗,Noun,10,4
겟,Noun,1,1
겨,Noun,1,1
겨우,Noun,1,1
겨우,Noun,8,1
겨우,Noun,9,1
겨털,Noun,1,1
견강부회,Noun,1,1
견주어,Noun,10,1
결국,Adverb,1,1
결국,Adverb,10,1
결론,Noun,10,1
결말,Noun,1,3
겹,Noun,10,1
경,Noun,10,2
경험,Noun,10,1
계,Noun,1,1
계기,Noun,1,1
계속,Noun,1,1
계속,Noun,9,2
계속,Noun,10,5
고,Adjective,10,1
고,Josa,1,22
고,Josa,2,1
고,Josa,6,2
고,Josa,9,1
고,Josa,10,14
고,Modifier,3,1
고,Modifier,9,1
고,Modifier,10,2
고개,Noun,1,2
고결함을,Adjective,9,1
고구마,Noun,1,3
고등학교,Noun,1,1
고르자면,Verb,1,1
고민,Noun,1,1
고민,Noun,10,1
고생,Noun,3,1
고스트,Noun,10,1
고역,Noun,1,1
고작,Noun,1,2
고장,Noun,10,1
고지식한,Adjective,1,1
고집,Noun,7,1
고추,Noun,1,1
고통,Noun,1,2
고함,Noun,10,1
곡,Noun,10,2
곡작,Noun,10,1
곱씹게,Verb,10,1
곳,Noun,5,1
곳,Noun,9,1
공,Noun,9,1
공격,Noun,1,1
공습,Noun,1,2
공식,Noun,10,1
공주,Noun,1,1
과,Josa,1,7
과,Josa,3,2
과,Josa,5,1
과,Josa,6,1
과,Josa,7,1
과,Josa,8,4
과,Josa,9,5
과,Josa,10,15
과거,Noun,1,1
과거,Noun,10,2
과는,Josa,10,1
과분,Noun,3,1
과연,Noun,10,1
과의,Josa,1,1
과정,Noun,1,1
과정,Noun,3,1
과정,Noun,10,1
관,Noun,9,1
관,Noun,10,1
관객,Noun,1,1
관객,Noun,6,1
관내,Noun,1,1
관람,Noun,1,1
관람,Noun,10,2
관련,Noun,10,1
관전,Noun,10,1
광고,Noun,1,2
괜찮고,Adjective,8,1
괜찮고,Adjective,10,3
괜찮네,Adjective,10,1
괜찮네요,Adjective,10,1
괜찮다,Adjective,9,1
괜찮다고,Adjective,10,1
괜찮습니다,Adjective,8,1
괜찮아졌어요,Adjective,10,1
괜찮았다,Adjective,1,1
괜찮았던,Adjective,10,1
괜찮았던거,Adjective,9,1
괜찮았습니다,Adjective,1,1
괜찮았지만,Adjective,1,1
괜찮은,Adjective,8,2
괜찮은,Adjective,9,2
괜찮은,Adjective,10,1
괜찮음,Adjective,10,1
괜히,Adverb,10,1
굉장했다,Adjective,9,1
굉장히,Adjective,9,1
굉장히,Adjective,10,1
교육,Noun,10,1
구,Noun,1,2
구,Noun,8,2
구,Noun,10,7
구경,Noun,1,1
구구절,Noun,1,1
구라안치고,Verb,1,1
구리,Noun,4,1
구린데,Adjective,1,1
구만,Noun,1,1
구멍,Noun,1,2
구성,Noun,1,1
구성,Noun,10,1
구세주,Noun,10,1
구원투수,Noun,9,1
구조,Noun,1,1
구조,Noun,8,1
구지,Noun,1,1
구축,Noun,10,1
구하라,Noun,10,1
구한,Noun,10,2
구해,Noun,8,2
구해,Noun,10,5
국내,Noun,10,1
국정원,Noun,1,1
군,Suffix,8,1
군,Suffix,10,7
군대,Noun,10,2
굳,Adjective,10,1
굳이,Noun,4,2
굳이,Noun,10,1
굿,Noun,8,1
굿,Noun,9,1
굿,Noun,10,1
굿굿,Noun,9,1
굿굿,Noun,10,2
굿잡,Noun,8,1
굿잡,Noun,9,1
궁,Noun,10,1
궁금하다,Adjective,10,2
궁금하다면,Adjective,1,1
궁금하면,Adjective,5,1
궁금해진다,Adjective,10,1
권,Suffix,9,1
귀가,Noun,10,1
귀신,Noun,1,1
귀여운,Adjective,2,1
귀엽,Adjective,10,1
귀엽고,Adjective,10,1
귀환,Noun,10,1
귓속말,Noun,10,1
균형,Noun,1,1
그,Determiner,1,1
그,Determiner,9,2
그,Determiner,10,3
그,Noun,1,3
그,Noun,7,1
그,Noun,9,3
그,Noun,10,11
그간,Noun,8,1
그거,Noun,10,1
그건,Adverb,10,1
그걸,Adverb,10,1
그것,Noun,1,2
그것,Noun,9,1
그게,Noun,1,1
그게,Noun,10,1
그나마,Adverb,1,3
그냥,Modifier,10,1
그냥,Noun,1,5
그냥,Noun,5,1
그냥,Noun,10,8
그녀,Noun,8,1
그녀,Noun,10,1
그다지,Noun,8,1
그닥,Noun,1,1
그닥,Noun,4,1
그대로,Noun,1,1
그대로,Noun,10,1
그동안,Noun,1,1
그동안,Noun,5,1
그동안,Noun,10,2
그때,Noun,7,1
그래,Adjective,9,1
그래,Adjective,10,1
그래도,Adverb,1,3
그래도,Adverb,7,1
그래도,Adverb,8,1
그래도,Adverb,10,6
그래서,Adverb,10,1
그래픽,Noun,1,2
그랬냐고,Adjective,9,1
그러네요,Adjective,10,1
그럭저럭,Adverb,1,1
그런,Adjective,10,1
그런,Modifier,10,1
그런데,Conjunction,1,1
그런데,Conjunction,8,1
그런데,Conjunction,10,1
그럴듯한,Adjective,1,1
그럼,Adjective,1,2
그렇게,Adverb,1,3
그렇게,Adverb,9,1
그렇게,Adverb,10,2
그렇고,Adjective,1,1
그렇다,Adjective,5,1
그렇듯이,Adjective,10,1
그렇습니다,Adjective,8,1
그리,Verb,1,1
그리,Verb,9,1
그리고,Conjunction,1,8
그리고,Conjunction,6,1
그리고,Conjunction,8,1
그리고,Conjunction,10,7
그리스,Noun,10,1
그리스신화,Noun,1,1
그린랜턴,Noun,8,1
그만큼,Adverb,9,1
그만하자,Adjective,1,1
그물,Noun,1,1
그저,Adverb,1,3
그저,Adverb,5,1
그중,Adverb,1,1
그지같은,Adjective,1,3
극,Modifier,1,1
극,Modifier,2,1
극,Modifier,10,2
극,Suffix,1,1
극복,Noun,1,1
극복,Noun,3,1
극장,Noun,1,7
극장,Noun,4,1
극장,Noun,7,1
극장,Noun,10,3
극찬,Noun,10,1
극혐,Noun,1,1
근,Modifier,1,1
근데,Adverb,5,1
근데,Adverb,9,1
근데,Adverb,10,2
근래,Noun,1,4
근래,Noun,8,1
근래,Noun,9,1
근래,Noun,10,1
근본,Noun,10,1
글,Noun,1,6
글,Noun,5,1
글쎄,Noun,1,1
글쎄요,Noun,1,1
글자,Noun,1,1
금,Noun,1,1
금방,Noun,1,1
금방,Noun,10,1
금보,Noun,1,1
금전,Noun,1,1
급,Noun,1,1
급,Noun,5,1
급,Suffix,1,3
급,Suffix,6,1
급,Suffix,8,2
급,Suffix,10,4
급전,Noun,1,1
급하게,Adjective,1,1
급하게,Adjective,10,1
급한,Adjective,1,1
기,Modifier,1,6
기,Modifier,5,1
기,Modifier,8,1
기,Modifier,9,3
기,Modifier,10,3
기,Noun,1,1
기,Noun,9,1
기,Noun,10,2
기고,Noun,1,1
기관총,Noun,9,1
기나긴,Verb,1,1
기는,Verb,1,2
기는,Verb,10,1
기다려,Verb,8,1
기다려,Verb,9,1
기다려지는,Verb,10,1
기다렸습니다,Verb,10,1
기다렸어요,Verb,10,1
기다리면,Verb,10,1
기대,Noun,1,7
기대,Noun,2,2
기대,Noun,7,2
기대,Noun,8,3
기대,Noun,9,1
기대,Noun,10,12
기대하고,Adjective,1,3
기대하고,Adjective,10,2
기대하며,Adjective,1,1
기대하며,Adjective,2,1
기대하지,Adjective,1,1
기대하지말고,Adjective,1,2
기대하지말라고,Adjective,1,1
기대한,Adjective,10,1
기대한만큼,Adjective,9,1
기대할게,Adjective,10,1
기대할만,Adjective,9,1
기대합니다,Adjective,10,1
기대했는데,Adjective,10,1
기도,Noun,1,1
기럭지,Noun,10,2
기록,Noun,10,1
기를,Verb,10,1
기만,Noun,1,1
기만,Noun,7,1
기모,Noun,1,1
기발한,Adjective,8,1
기복,Noun,1,1
기본,Noun,10,1
기분,Noun,1,2
기분,Noun,9,1
기분,Noun,10,1
기술,Noun,10,1
기억,Noun,1,1
기억,Noun,2,1
기억,Noun,10,1
기억나는,Verb,10,1
기와,Noun,10,1
기원,Noun,9,1
기점,Noun,9,1
기존,Noun,8,1
기존,Noun,10,1
기준,Noun,6,1
기준,Noun,9,1
기준,Noun,10,3
기질,Noun,2,1
기초,Noun,10,1
기특해서,Adjective,10,1
기회,Noun,10,1
긴건,Verb,7,1
긴데,Verb,1,1
긴장감,Noun,1,1
긴장감,Noun,10,1
길,Noun,1,1
길,Noun,10,1
길게,Adjective,10,1
길었다면,Adjective,7,1
길었으며,Adjective,1,1
김구라,Noun,4,1
깁니다,Verb,1,1
까,Verb,1,2
까,Verb,10,3
까는,Verb,10,1
까지,Josa,1,8
까지,Josa,6,1
까지,Josa,7,1
까지,Josa,9,1
까지,Josa,10,19
까지나,Josa,9,1
까지는,Josa,1,1
까지는,Verb,1,1
까지의,Josa,9,1
까진,Josa,1,1
깔,Verb,1,1
깔끔하고,Adjective,10,2
깔끔했고,Adjective,1,1
깔리면서,Verb,10,1
깜짝,Noun,10,1
깡촌,Noun,1,1
깨,Noun,5,1
깨,Noun,8,1
깨고,Verb,5,1
깨닫게,Verb,1,1
깨서,Verb,1,1
깨우쳤으니,Verb,9,1
깨지고,Verb,1,1
꺠,Noun,1,1
꺠러,Noun,1,1
꺼,Suffix,10,1
꺼,Verb,1,1
꺼내지마라,Verb,6,1
꺼지,Verb,10,1
껏,Noun,9,1
께,Josa,1,1
껴,Verb,10,1
꼭,Noun,1,4
꼭,Noun,8,1
꼭,Noun,9,1
꼭,Noun,10,20
꼴,Noun,1,1
꼴,Noun,10,1
꼽는,Noun,10,1
꼽히는,Verb,1,1
꽃길,Noun,10,1
꽉꽉,Adverb,10,2
꽝,Noun,1,1
꽤,Noun,1,1
꽤,Noun,4,1
꽤,Noun,8,1
꿀,Noun,10,1
꿀이었네,Verb,1,1
꿀잠,Noun,1,1
꿀잼,Noun,10,8
끊기고,Verb,1,2
끊어,Verb,10,1
끊어지는거,Verb,9,1
끊으며,Verb,1,1
끊은,Verb,10,1
끋난듯,Noun,1,1
끌,Noun,1,4
끌,Noun,10,1
끌다가,Verb,1,1
끌려하는,Verb,1,1
끌리는,Verb,1,1
끌리면,Verb,10,1
끌어,Verb,4,1
끌었지만,Verb,10,1
끔찍하다,Adjective,3,1
끔찍한,Adjective,1,1
끔찍했다,Adjective,1,1
끝,Noun,1,9
끝,Noun,9,1
끝,Noun,10,6
끝나,Verb,2,1
끝나고,Verb,1,1
끝나고,Verb,10,2
끝나고도,Verb,10,1
끝나니,Verb,1,1
끝나다니,Verb,10,1
끝나자마자,Verb,1,1
끝날,Verb,4,1
끝났으면,Verb,1,1
끝내주,Adjective,9,1
끝내주네,Adjective,9,1
끝냈는지,Verb,1,1
끝판,Noun,8,1
끼들,Adverb,1,2
끼어드는,Verb,1,1
끼워,Verb,10,1
나,Josa,1,4
나,Josa,8,1
나,Josa,9,1
나,Josa,10,7
나,Noun,1,12
나,Noun,8,3
나,Noun,9,1
나,Noun,10,12
나가고,Verb,1,3
나가고싶다,Verb,1,1
나가고싶더라,Verb,1,1
나가는,Verb,1,1
나가는,Verb,6,1
나가서,Verb,10,1
나가지는,Verb,1,1
나갈까,Verb,1,1
나날이,Noun,10,1
나뉜다,Verb,10,1
나는데다,Verb,1,1
나도,Verb,1,2
나도,Verb,10,4
나들이,Noun,1,1
나름,Noun,1,2
나름,Noun,8,1
나름,Noun,9,1
나름,Noun,10,2
나머지,Noun,1,2
나머지,Noun,9,1
나머지,Noun,10,1
나무랄,Verb,1,1
나쁘지,Adjective,8,1
나쁘지,Adjective,9,1
나쁘지,Adjective,10,1
나쁜,Adjective,1,1
나설,Verb,9,1
나섰다,Verb,10,1
나안,Noun,7,1
나았슴,Noun,8,1
나았습니다,Verb,1,1
나오,Verb,10,1
나오고,Verb,1,1
나오고,Verb,8,1
나오네,Verb,10,1
나오는,Verb,1,5
나오는,Verb,10,1
나오는지,Verb,1,1
나오다니,Verb,10,1
나오더군요,Verb,1,1
나오더니,Verb,1,1
나오면,Verb,8,2
나오면,Verb,9,2
나오면,Verb,10,2
나오면서,Verb,1,1
나온,Verb,1,1
나온,Verb,8,1
나온,Verb,9,3
나온,Verb,10,1
나온거냐,Verb,1,1
나온다,Verb,1,1
나온다,Verb,10,1
나온듯,Verb,10,1
나온지,Verb,1,1
나올,Verb,2,1
나올,Verb,8,1
나올,Verb,10,2
나올것,Verb,10,1
나올까,Verb,10,1
나올꺼다,Verb,10,1
나올듯,Verb,1,1
나올수,Verb,7,1
나옴,Verb,1,3
나옴,Verb,10,2
나와,Verb,1,1
나와서,Verb,1,2
나왓으,Noun,10,1
나왔고,Verb,1,1
나왔구,Verb,10,1
나왔군,Verb,9,1
나왔네요,Verb,9,1
나왔네요,Verb,10,1
나왔는데,Verb,10,1
나왔는이,Verb,1,1
나왔다,Verb,1,2
나왔다,Verb,10,2
나왔어도,Verb,4,1
나왔어야,Verb,1,1
나왔어요,Verb,1,2
나왔으면,Verb,10,1
나왔을,Verb,1,1
나왔을,Verb,10,1
나은,Noun,9,1
나은거라면,Verb,1,1
나음,Verb,1,1
나이,Noun,1,1
나중,Noun,8,1
나중,Noun,10,1
나치,Noun,10,1
나치즘,Noun,1,1
나타남,Noun,10,1
낚,Noun,1,1
낚였네,Noun,1,1
낚였다,Noun,1,2
낚임,Noun,1,1
난,Josa,9,1
난,Noun,3,1
난,Noun,4,1
난,Noun,9,1
난,Noun,10,5
난뒤,Noun,8,1
난무,Noun,1,1
난생처음,Noun,1,1
난해한,Adjective,4,1
날,Noun,1,1
날라,Verb,2,1
날렸다,Verb,10,1
남,Noun,1,2
남,Noun,3,1
남,Noun,8,1
남,Noun,10,5
남겨,Verb,1,4
남겨,Verb,10,1
남고,Noun,8,1
남기는,Verb,1,1
남기는데,Verb,1,1
남긴,Verb,1,1
남녀,Noun,8,1
남는,Verb,1,1
남는다,Verb,10,2
남말,Verb,7,1
남성,Noun,10,2
남성성,Noun,1,1
남았다,Verb,10,1
남우,Noun,10,1
남을거,Verb,9,1
남을듯,Verb,1,1
남음,Verb,10,1
남자,Noun,1,1
남자,Noun,8,2
남자,Noun,9,1
남자,Noun,10,6
남자라면,Noun,10,1
남자였다,Verb,10,1
남주,Verb,1,3
남주,Verb,10,5
남주에,Verb,10,1
남친,Noun,1,2
남친,Noun,8,1
남편,Noun,10,2
납니당,Verb,10,1
낫,Noun,10,1
낫긴,Verb,1,1
낫다,Noun,8,1
났노,Verb,1,1
낭비,Noun,1,2
낮게,Adjective,10,1
낮아진,Verb,6,1
낮으면,Adjective,1,1
낮은,Adjective,8,1
낮은걸,Adjective,10,1
낮지,Adjective,10,1
낮추기,Verb,1,2
낮추는,Verb,1,1
낮춰,Verb,1,1
내,Determiner,1,5
내,Determiner,6,1
내,Determiner,9,1
내,Determiner,10,4
내,Noun,1,20
내,Noun,2,1
내,Noun,10,7
내고,Verb,1,1
내고,Verb,9,1
내고,Verb,10,1
내내,Foreign,10,1
내내,Noun,1,9
내내,Noun,7,1
내내,Noun,10,4
내리는,Verb,10,2
내면,Noun,1,1
내버렸지만,Verb,10,1
내셔널,Noun,1,1
내용,Noun,1,11
내용,Noun,10,6
낸건,Verb,9,1
낸고야,Verb,10,1
낼,Noun,10,1
냄,Verb,10,1
냈다,Verb,10,2
냈어요,Verb,10,1
냈을듯,Verb,1,1
냐,Josa,1,8
냐,Josa,10,3
냥,Josa,10,1
너,Modifier,10,4
너,Noun,10,1
너무,Adverb,1,45
너무,Adverb,2,1
너무,Adverb,5,1
너무,Adverb,6,2
너무,Adverb,7,2
너무,Adverb,8,6
너무,Adverb,9,5
너무,Adverb,10,48
너무나,Adverb,6,1
너무나,Adverb,10,2
너무나도,Adverb,1,1
넋,Noun,10,1
넌센스,Noun,9,1
넘,Verb,1,1
넘,Verb,8,1
넘,Verb,9,1
넘,Verb,10,5
넘겨주면서,Verb,10,1
넘길,Verb,8,1
넘길었고,Verb,1,1
넘나,Verb,8,1
넘나,Verb,10,3
넘는,Verb,9,1
넘는데,Verb,2,1
넘어가,Verb,1,1
넘었고,Verb,1,1
넘었네,Verb,10,1
넘쳤음,Adjective,10,1
넘치던,Adjective,1,1
넘치지지도,Adjective,1,1
넘침,Noun,10,1
넣고,Verb,10,1
넣어라,Verb,6,1
넣으면,Verb,5,1
네,Determiner,9,1
네,Josa,1,5
네,Josa,8,1
네,Josa,10,3
네,Noun,10,1
네,Suffix,1,2
네,Suffix,5,1
네,Suffix,8,1
네,Suffix,10,6
네나,Noun,1,1
네어버,Noun,1,1
네이버,Noun,1,3
네이버,Noun,3,1
년,Noun,7,2
년,Noun,10,1
년도,Noun,10,1
노,Noun,1,1
노답,Noun,1,1
노래방,Noun,1,1
노말,Noun,1,1
노잼,Noun,1,26
노잼,Noun,8,1
노잼,Noun,10,1
노출,Noun,5,1
녹아나지,Verb,6,1
논란,Noun,1,2
놀라,Verb,10,1
놀라고,Verb,10,1
놀란다,Verb,10,1
놀람,Noun,8,1
놀랐음,Verb,10,1
놀아난,Verb,1,1
놈,Noun,1,9
놈,Noun,10,4
농담,Noun,10,1
높게,Adjective,9,1
높게,Adjective,10,1
높네요,Adjective,1,1
높다,Adjective,1,1
높다고,Adjective,1,1
높습니다,Adjective,1,1
높아,Adjective,1,2
높아서,Adjective,1,1
높아서,Adjective,10,1
높은,Adjective,1,3
높은,Adjective,8,1
높은,Adjective,10,1
높은거,Adjective,1,2
높음,Adjective,10,1
높지,Adjective,1,1
놓은,Verb,10,1
놓치지,Verb,10,1
뇌리,Noun,10,1
누가,Noun,1,3
누가,Noun,10,1
누구,Noun,10,2
누군가,Noun,10,1
누나,Noun,10,1
누님,Noun,8,1
누르고,Verb,10,1
누르는거야,Verb,1,1
눈,Noun,1,4
눈,Noun,6,1
눈,Noun,8,1
눈,Noun,10,5
눈감,Verb,1,1
눈물,Noun,10,1
눈물나,Verb,10,1
눈베림,Noun,1,1
눈빛,Noun,8,1
눈빛,Noun,10,1
눈알,Noun,1,1
눈웃음,Noun,10,1
눈을땔수,Noun,10,1
느금,Noun,10,1
느껴,Verb,9,1
느껴,Verb,10,1
느껴지고,Verb,1,1
느껴진다,Verb,10,1
느꼇다,Noun,1,1
느꼇다,Noun,10,1
느꼈네,Verb,10,1
느꼈던,Verb,1,1
느끼는지,Verb,1,1
느끼한,Adjective,10,1
느낀,Verb,10,1
느낀다,Verb,1,1
느낀다,Verb,10,1
느낄,Verb,10,1
느낄수도,Verb,9,1
느낄수있는,Verb,8,1
느낄수있는,Verb,10,1
느낄수있습니다,Verb,9,1
느낌,Noun,1,3
느낌,Noun,7,1
느낌,Noun,8,1
느낌,Noun,10,7
느낌나는,Verb,10,1
느낌마,Verb,1,1
느낌이있었어요,Verb,7,1
느무,Noun,8,2
는,Josa,1,63
는,Josa,2,1
는,Josa,3,2
는,Josa,4,2
는,Josa,5,2
는,Josa,6,1
는,Josa,7,2
는,Josa,8,8
는,Josa,9,11
는,Josa,10,36
는,Verb,1,13
는,Verb,3,1
는,Verb,8,1
는,Verb,9,2
는,Verb,10,5
는걸,Noun,1,1
는데,Verb,1,2
는데,Verb,10,1
는봣는데,Noun,8,1
는지,Verb,1,1
늘어지는,Verb,5,1
능력,Noun,6,1
능력,Noun,8,1
늦낌,Noun,1,1
니,Josa,1,2
니,Josa,10,1
니,Modifier,10,1
니,Noun,1,1
니,Noun,10,1
니까,Josa,1,2
니까,Josa,10,1
니깐,Josa,1,1
니당,Verb,8,1
니미,Noun,10,1
님,Suffix,1,2
님,Suffix,10,6
님한테,Noun,4,1
다,Adverb,1,22
다,Adverb,3,1
다,Adverb,8,2
다,Adverb,9,1
다,Adverb,10,20
다,Josa,1,11
다,Josa,4,1
다,Josa,6,1
다,Josa,7,1
다,Josa,8,3
다,Josa,9,1
다,Josa,10,11
다,Noun,1,1
다,Noun,10,1
다가,Noun,1,2
다가오지를,Verb,7,1
다는거냐,Verb,1,1
다니,Verb,1,1
다려집니다,Verb,10,1
다루는게,Verb,9,1
다르게,Adjective,9,1
다르게,Adjective,10,2
다르니,Adjective,10,1
다르다는걸,Adjective,10,1
다른,Modifier,1,1
다른,Modifier,10,1
다른,Noun,1,1
다른,Noun,10,4
다른사람,Noun,1,1
다를,Adjective,10,1
다만,Noun,1,1
다세포,Noun,1,1
다시,Noun,1,2
다시,Noun,6,1
다시,Noun,9,1
다시,Noun,10,4
다시금,Noun,8,2
다시는,Verb,1,3
다양한,Adjective,1,1
다운,Noun,1,2
다운,Noun,10,2
다음,Noun,1,3
다음,Noun,7,1
다음,Noun,9,1
다음,Noun,10,4
다이애나,Noun,1,1
다이애나,Noun,9,1
다이애나,Noun,10,2
다인,Noun,9,1
다차,Noun,1,1
다크나이트,Noun,1,2
다크나이트,Noun,2,1
다크나이트,Noun,5,1
다크나이트,Noun,6,1
다크나이트,Noun,7,1
다크나이트,Noun,10,11
다행,Noun,9,2
닦아줘서,Verb,10,1
단,Modifier,10,1
단,Noun,1,2
단결,Noun,1,1
단독,Noun,10,3
단순해서,Adjective,9,1
단순해진다,Adjective,1,1
단어,Noun,1,1
단연,Noun,9,1
단연,Noun,10,3
단점,Noun,10,1
단지,Noun,10,1
달,Noun,1,1
달라,Noun,5,1
달라졌어요,Verb,10,1
달려있음,Verb,1,1
달리,Noun,10,1
달았다,Verb,8,1
달을까요,Verb,5,1
담겨있는,Verb,10,1
담긴,Verb,10,1
담한다,Adjective,10,1
답,Noun,1,2
답답,Noun,1,1
답답한,Adjective,1,1
답답함,Adjective,7,1
답답해서,Adjective,1,1
닷,Noun,10,1
당,Modifier,1,1
당,Suffix,10,1
당당히,Adjective,10,1
당신,Noun,8,2
당신,Noun,10,7
당장,Noun,10,1
당할,Adjective,10,2
당황,Noun,1,1
당황,Noun,10,1
닼나,Noun,1,2
닼나,Noun,10,1
대,Modifier,1,7
대,Modifier,8,1
대,Modifier,9,3
대,Modifier,10,4
대,Suffix,1,3
대,Suffix,10,3
대가,Noun,1,2
대거늘,Verb,10,1
대결,Noun,1,1
대고,Noun,10,1
대단하다,Adjective,10,1
대단한데,Adjective,10,1
대단했지만,Adjective,10,1
대로,Josa,9,1
대로,Josa,10,1
대로,Noun,10,1
대리,Noun,10,2
대립,Noun,1,1
대립,Noun,8,1
대립,Noun,10,6
대면,Noun,10,1
대명사,Noun,10,1
대박,Noun,9,1
대박,Noun,10,19
대부분,Noun,1,2
대부분,Noun,4,1
대사,Noun,1,5
대사,Noun,4,1
대사,Noun,5,1
대사,Noun,6,1
대산,Noun,1,1
대신,Noun,4,1
대안,Noun,10,2
대에,Verb,10,1
대위,Noun,10,1
대의,Noun,1,1
대작,Noun,5,1
대체,Noun,1,4
대체,Noun,8,1
대체,Noun,10,2
대치,Noun,8,1
대학생,Noun,9,1
대한,Noun,1,2
대한,Noun,3,1
대한,Noun,10,1
대화,Noun,1,2
댓,Modifier,1,1
댓글,Noun,1,10
댓글,Noun,10,1
댓글단,Verb,1,1
댓글단거,Verb,10,1
댓글알바,Noun,1,7
댕,Noun,1,1
댕,Noun,2,1
더,Noun,1,6
더,Noun,3,1
더,Noun,5,1
더,Noun,8,5
더,Noun,9,3
더,Noun,10,16
더니,Noun,1,1
더듬,Verb,7,1
더럽게,Adjective,1,1
더우면,Adjective,10,1
더욱,Noun,10,1
더욱더,Noun,9,1
더욱이,Noun,4,1
더폴,Noun,9,1
더풀,Noun,9,1
덕분,Noun,6,1
덕분,Noun,7,1
덕분,Noun,8,1
덕분,Noun,10,2
덕이,Noun,1,1
덕천,Noun,9,1
던지,Verb,9,1
덜,Noun,1,1
덥잖은,Adjective,10,1
데,Noun,1,1
데,Noun,10,2
데려갔다가,Verb,1,1
데려다가,Verb,1,1
데려오지를,Verb,9,1
데마,Noun,1,1
데미,Noun,10,1
데코,Noun,1,1
데헷,Noun,10,1
도,Foreign,1,1
도,Josa,1,63
도,Josa,4,4
도,Josa,6,2
도,Josa,7,2
도,Josa,8,8
도,Josa,9,13
도,Josa,10,48
도,Noun,1,7
도,Noun,2,1
도,Noun,3,1
도,Noun,8,1
도,Noun,9,1
도,Noun,10,1
도감,Noun,9,1
도대체,Noun,1,6
도대체,Noun,4,1
도대체,Noun,9,1
도대체,Noun,10,1
도둑,Noun,7,1
도안,Noun,1,2
도입,Noun,9,1
도저히,Noun,1,1
도저히,Noun,10,1
도전,Noun,1,1
독일군,Noun,1,1
독일군,Noun,5,1
독일군,Noun,8,1
독특하면서도,Adjective,8,1
돈,Noun,1,30
돈,Noun,8,1
돈,Noun,9,1
돈,Noun,10,4
돋게,Verb,1,1
돋게,Verb,10,2
돋고,Verb,10,1
돋더라,Verb,1,1
돋보이는,Verb,10,2
돋보일,Verb,1,1
돋보임,Verb,8,1
돋았다,Verb,10,1
돌렸다,Verb,1,1
돌렸을듯,Verb,1,1
돌리면서,Verb,1,1
돌아,Verb,10,1
돌아오는,Verb,9,1
돌아온,Verb,6,1
돌아온,Verb,10,1
돌아온다에,Verb,10,1
돗,Noun,1,15
돗,Noun,2,1
돗,Noun,4,1
돗,Noun,5,1
돗,Noun,6,2
돗,Noun,7,5
돗,Noun,8,12
돗,Noun,9,11
돗,Noun,10,62
돗덕,Noun,1,1
돗땜,Noun,1,1
동,Modifier,1,1
동,Modifier,8,1
동선,Noun,1,1
동안,Foreign,1,1
동안,Noun,1,2
동안,Noun,9,1
동안,Noun,10,1
동작,Noun,1,1
동지,Noun,1,1
돼는,Verb,1,1
됐다,Verb,10,1
됐을,Verb,7,1
됐지,Verb,10,1
됐지만,Verb,10,1
되,Verb,1,1
되,Verb,9,1
되게,Adverb,1,2
되게,Adverb,9,1
되게,Adverb,10,3
되겠다,Verb,10,1
되고,Verb,1,1
되고싶데요,Verb,10,1
되고싶어나이거,Verb,10,1
되기,Verb,10,1
되나,Verb,10,1
되냐,Verb,1,1
되네,Verb,10,1
되네요,Verb,8,1
되네요,Verb,10,1
되는,Verb,1,4
되는,Verb,10,3
되는거,Verb,1,1
되는거다,Verb,10,1
되는걸,Verb,10,1
되는군요,Verb,10,1
되는데,Verb,10,1
되니깐,Verb,8,1
되면,Verb,10,1
되살렸다면,Verb,9,1
되살렸음,Verb,9,1
되었다는,Verb,1,1
되지,Verb,10,1
되지만,Verb,9,1
된,Verb,1,2
된,Verb,10,4
된거,Noun,10,1
된것,Verb,8,1
된다,Verb,1,1
된다,Verb,7,1
된다,Verb,10,3
된다는,Verb,1,1
된다는,Verb,10,1
될,Verb,1,3
될,Verb,7,1
될,Verb,9,1
될,Verb,10,1
될까봐,Verb,1,1
될듯,Verb,1,1
될듯,Verb,10,1
됨,Verb,1,1
됨,Verb,10,3
됨을,Verb,10,1
됩니다,Verb,1,1
됫,Noun,10,1
됬다,Verb,10,1
두,Determiner,1,3
두,Determiner,4,1
두,Determiner,9,3
두,Determiner,10,6
두,Josa,8,1
두,Modifier,10,1
두,Noun,1,2
두고,Verb,1,1
두고,Verb,10,1
두근거림,Adjective,10,1
두려움,Noun,8,1
두루,Noun,1,2
두루,Noun,10,4
두른,Verb,1,1
두운,Noun,10,1
둘,Noun,1,1
둘,Noun,10,2
둘다,Verb,1,1
둘다,Verb,10,2
뒤,Noun,1,2
뒤,Noun,8,1
뒤,Noun,9,1
뒤졌으면,Verb,1,1
뒤죽박죽,Noun,1,1
드네,Noun,1,1
드는,Verb,1,1
드는데,Verb,9,1
드디어,Adverb,1,2
드디어,Adverb,10,12
드라마,Noun,1,4
드라마,Noun,9,1
드라마,Noun,10,1
드라마틱하고,Adjective,10,1
드럽게,Adjective,1,1
드레곤볼,Noun,1,1
드르,Noun,1,1
드림,Noun,1,1
드립니다,Verb,1,1
드팬,Noun,1,1
든,Josa,1,1
든,Josa,6,1
든,Josa,10,2
든다,Verb,1,1
든다,Verb,8,1
든지,Josa,8,1
듣고,Verb,1,2
듣고,Verb,7,1
듣는,Verb,9,1
듣다가,Verb,1,1
들,Suffix,1,64
들,Suffix,4,2
들,Suffix,5,3
들,Suffix,7,1
들,Suffix,8,4
들,Suffix,9,3
들,Suffix,10,50
들,Verb,1,7
들,Verb,10,5
들리니까,Verb,1,1
들린,Verb,1,1
들릴,Verb,10,1
들아,Verb,1,1
들아,Verb,10,1
들어,Verb,1,2
들어가있고,Verb,10,1
들어간,Verb,1,1
들어갈,Verb,10,1
들어감,Verb,10,1
들어갔다가,Verb,10,1
들어오는,Verb,6,1
들어요,Verb,9,1
들어있고,Verb,10,1
들어있는듯,Verb,10,1
들었다,Verb,1,1
들었다,Verb,9,1
들었던,Verb,9,1
들용,Verb,1,1
들은,Verb,10,1
들일세,Verb,1,1
들임,Verb,1,1
들판,Noun,9,1
듭니,Noun,6,1
듭니,Noun,10,1
듯,Noun,1,9
듯,Noun,8,2
듯,Noun,9,5
듯,Noun,10,4
등,Noun,1,1
등,Noun,10,1
등급,Noun,9,1
등등,Noun,1,1
등등하던,Adjective,1,1
등록,Noun,1,2
등록,Noun,10,1
등멍진,Noun,1,1
등불,Noun,10,1
등수,Noun,1,1
등용,Noun,1,1
등장,Noun,1,2
등장,Noun,7,1
등장,Noun,8,1
등장,Noun,9,1
등장,Noun,10,4
디,Noun,1,1
디나,Noun,10,1
디시,Noun,1,3
디시,Noun,5,1
디시,Noun,10,2
디씨,Noun,1,9
디씨,Noun,3,2
디씨,Noun,5,2
디씨,Noun,8,3
디씨,Noun,9,8
디씨,Noun,10,18
디즈니,Noun,1,1
디지털,Noun,1,1
딛,Verb,10,1
따,Verb,10,1
따구,Verb,5,1
따라오려면,Verb,1,1
따로,Adverb,1,1
따로,Adverb,10,1
따르고,Verb,10,1
따먹,Verb,10,1
따분하고,Adjective,1,1
따위,Noun,1,1
따지나,Verb,10,1
따지지,Verb,10,1
딱,Adverb,1,2
딱,Adverb,9,1
딱,Adverb,10,1
딱히,Adjective,5,1
딸,Noun,8,1
딸,Noun,10,4
딸도,Noun,1,1
딸리나,Verb,1,1
때,Noun,1,8
때,Noun,5,1
때,Noun,7,2
때,Noun,8,2
때,Noun,9,1
때,Noun,10,16
때릴,Verb,1,1
때문,Noun,1,2
때문,Noun,8,1
때문,Noun,10,1
땐,Noun,1,1
땐,Noun,10,1
땔,Noun,10,1
땜,Noun,1,2
땜,Noun,7,1
땜,Noun,10,1
떄려,Verb,1,1
떠나서,Verb,1,1
떠나서,Verb,10,1
떠나서라도,Verb,9,1
떠는,Verb,1,1
떠도,Verb,10,1
떠오르긴,Verb,8,1
떠올릴듯,Verb,10,1
떡밥,Noun,1,1
떨어져서,Verb,1,1
떨어져서,Verb,10,1
떨어짐,Verb,1,1
뗄,Verb,10,1
또,Noun,1,4
또,Noun,5,1
또,Noun,9,1
또,Noun,10,8
또한,Modifier,10,1
또한,Noun,1,1
또한,Noun,6,1
똑같은,Adjective,1,1
똥폼,Noun,1,1
뚜,Noun,10,4
뚝뚝,Noun,1,2
뚝배기,Noun,1,2
뚫린다,Verb,10,1
뛰,Verb,1,4
뛰고,Verb,9,1
뛰어나다,Adjective,10,1
뛰어나지도,Adjective,1,1
뛰어난,Adjective,10,1
뛰어넘었다,Verb,10,1
뛰어넘음,Verb,10,1
뛰어들,Verb,7,1
뛴다,Verb,9,1
뜨,Verb,9,1
뜨고,Verb,1,1
뜨면,Verb,5,1
뜬금,Noun,1,2
뜬금,Noun,7,1
뜯으면서,Verb,10,1
뜻,Noun,1,1
띄워,Verb,1,1
라,Josa,1,7
라,Josa,5,1
라,Josa,7,2
라,Josa,8,1
라,Josa,9,1
라,Josa,10,7
라고,Josa,1,6
라고,Josa,9,2
라고,Josa,10,2
라그,Noun,10,1
라는,Josa,1,2
라는,Josa,9,1
라는,Josa,10,3
라도,Josa,9,1
라도,Josa,10,2
라리,Noun,1,1
라면,Noun,1,1
라면,Noun,3,1
라면,Noun,9,1
라서,Josa,10,1
라이,Noun,1,1
라이,Noun,10,1
라이트,Noun,10,1
라인,Noun,1,1
라인,Noun,9,1
라지,Noun,1,1
란,Noun,1,1
란,Noun,10,1
랄,Noun,1,1
랄,Noun,10,1
랑,Josa,1,4
랑,Josa,5,1
랑,Josa,9,1
랑,Josa,10,5
래,Josa,1,1
래,Josa,10,2
래야,Noun,10,1
랙,Noun,10,1
러닝,Noun,1,1
러닝,Noun,6,1
러브,Noun,9,1
러브스토리,Noun,10,1
런가,Noun,9,1
레,Noun,10,1
레버,Noun,10,2
레벨,Noun,10,1
레볼루션,Noun,1,1
레알,Noun,2,1
레알,Noun,10,1
레이,Noun,1,1
레인,Noun,1,2
레인,Noun,3,1
레지던트,Noun,10,1
렌트,Noun,1,1
려,Noun,1,1
려,Noun,10,1
려고,Noun,1,1
력,Suffix,1,1
력,Suffix,8,1
력도,Noun,9,1
로,Josa,1,18
로,Josa,2,1
로,Josa,3,1
로,Josa,5,1
로,Josa,9,3
로,Josa,10,23
로,Noun,9,1
로,Noun,10,1
로그,Noun,1,1
로는,Josa,1,2
로다,Josa,10,1
로다주,Noun,10,2
로또,Noun,10,1
로마신화,Noun,10,1
로맨스,Noun,1,1
로맨스,Noun,8,1
로맨스,Noun,10,1
로맨슨,Noun,1,1
로맨틱,Noun,1,1
로맨틱,Noun,10,1
로비,Noun,8,1
로빈,Noun,10,1
로써,Noun,10,1
로움,Noun,10,1
로치,Noun,10,1
로튼,Noun,1,1
로튼,Noun,10,4
로튼토마토,Noun,1,1
로튼토마토,Noun,10,1
론,Noun,7,1
론,Noun,10,1
롤,Noun,1,1
롤러코스터,Noun,10,1
롯,Noun,10,1
롯데,Noun,1,1
루루,Noun,10,7
루즈,Noun,1,2
류,Noun,1,2
류,Noun,10,1
른,Noun,1,1
를,Josa,1,44
를,Josa,4,1
를,Josa,5,2
를,Josa,6,3
를,Josa,7,1
를,Josa,8,3
를,Josa,9,9
를,Josa,10,28
를,Noun,9,2
를,Noun,10,11
리,Noun,1,1
리가,Noun,8,1
리그,Noun,1,1
리그,Noun,10,5
리모콘,Noun,1,1
리부트,Noun,1,1
리뷰,Noun,1,1
리뷰,Noun,5,2
린다,Noun,1,1
린다,Noun,9,2
린다,Noun,10,4
린데,Noun,1,1
림,Noun,1,1
마,Noun,9,1
마,Noun,10,2
마고,Noun,8,1
마구,Noun,1,1
마냥,Noun,1,2
마누라,Noun,10,1
마다,Foreign,1,1
마다,Josa,8,1
마다,Josa,10,2
마디,Noun,10,1
마를,Adjective,10,1
마무리,Noun,1,1
마무리,Noun,3,1
마블,Noun,1,17
마블,Noun,5,2
마블,Noun,8,1
마블,Noun,9,3
마블,Noun,10,24
마사,Noun,10,1
마세여,Verb,1,1
마세요,Verb,1,13
마세요,Verb,9,1
마세요,Verb,10,1
마시길,Verb,1,1
마을,Noun,1,1
마을,Noun,10,1
마음,Noun,8,1
마음,Noun,9,2
마음,Noun,10,2
마음속,Noun,10,1
마이,Noun,1,1
마저,Josa,1,1
마저,Josa,3,1
마지막,Noun,1,8
마지막,Noun,5,1
마지막,Noun,6,1
마지막,Noun,8,1
마지막,Noun,9,1
마지막,Noun,10,11
마치,Noun,10,3
마침내,Noun,8,1
마케팅,Noun,1,1
마크,Noun,1,1
막,Noun,1,1
막,Noun,10,2
막는다고,Verb,1,1
막바지,Noun,1,1
막스,Noun,1,1
막아내고,Verb,1,1
막아내는,Verb,9,1
막장,Noun,6,1
막판,Noun,1,2
막판,Noun,10,1
막힘,Verb,9,1
만,Foreign,7,1
만,Josa,1,38
만,Josa,4,1
만,Josa,5,1
만,Josa,6,2
만,Josa,8,3
만,Josa,9,4
만,Josa,10,23
만,Modifier,8,1
만,Noun,1,2
만,Noun,8,1
만,Noun,9,4
만,Noun,10,7
만,Suffix,3,1
만나고,Verb,10,1
만나서,Verb,1,1
만난,Noun,10,1
만는거,Verb,10,1
만도,Josa,1,1
만드냐,Verb,1,1
만드느라,Verb,3,1
만드는,Verb,1,2
만든,Verb,1,2
만든,Verb,7,1
만든,Verb,9,2
만든,Verb,10,3
만든건,Verb,1,1
만든다,Verb,1,1
만든다는것을,Verb,8,1
만든듯,Verb,1,1
만든듯,Verb,9,2
만들,Verb,1,1
만들거면,Verb,1,1
만들어,Verb,1,4
만들어,Verb,4,1
만들어,Verb,7,1
만들어,Verb,9,2
만들어,Verb,10,2
만들어놓고,Verb,1,1
만들어서,Verb,8,1
만들어서,Verb,10,2
만들어야,Verb,8,1
만들어요,Verb,1,1
만들어졌음,Verb,9,1
만들어주길,Verb,9,1
만들어줘,Verb,9,1
만들어줘요,Verb,9,1
만들었고,Verb,10,1
만들었네,Verb,1,1
만들었네,Verb,10,1
만들었네요,Verb,9,1
만들었다,Verb,8,1
만들었다,Verb,10,3
만들었다면,Verb,10,1
만들었어야지,Verb,10,1
만들었으나,Verb,1,1
만들었으면,Verb,10,1
만들었지싶다,Verb,1,1
만들줄,Verb,9,1
만들지,Verb,10,1
만발,Noun,10,1
만세,Noun,10,2
만약,Noun,1,1
만에,Foreign,2,1
만에,Josa,10,1
만으로도,Josa,9,1
만으로도,Josa,10,2
만의,Josa,8,1
만의,Josa,10,1
만이,Josa,1,1
만이,Josa,10,1
만이,Noun,1,2
만점,Noun,8,1
만점,Noun,10,4
만족,Noun,10,2
만족하고,Adjective,10,1
만족할만큼,Adjective,9,1
만족함,Adjective,9,1
만족합니다,Adjective,9,2
만큼,Josa,1,1
만큼,Josa,10,1
만큼은,Josa,1,1
만하,Noun,1,1
만하,Noun,9,1
만화,Noun,1,1
만화,Noun,3,1
만화,Noun,9,1
만화,Noun,10,1
만화영화,Noun,1,1
많네,Adjective,1,1
많네요,Adjective,1,1
많네요,Adjective,10,1
많아서,Adjective,1,3
많아서,Adjective,10,1
많았고,Adjective,1,1
많았다면,Adjective,10,1
많으,Adjective,1,1
많은,Adjective,1,1
많은,Adjective,10,1
많은데,Adjective,10,1
많음,Adjective,1,1
많이,Adverb,1,1
많이,Adverb,2,1
많이,Adverb,8,1
많이,Adverb,9,1
많이,Adverb,10,2
많이나,Adjective,1,1
많지,Adjective,6,1
많지,Adjective,8,1
많지,Adjective,9,1
말,Noun,1,20
말,Noun,3,1
말,Noun,7,1
말,Noun,9,2
말,Noun,10,13
말고,Josa,1,2
말고,Josa,10,2
말고는,Josa,1,2
말고는,Josa,5,1
말곤,Verb,10,1
말까,Verb,10,1
말되,Verb,1,1
말씀드리겠습니다,Verb,9,1
말씀드리는,Verb,1,2
말아먹은,Verb,4,1
말투,Noun,10,1
맘,Noun,1,1
맘,Noun,10,1
맛,Noun,1,1
맛보기,Noun,10,1
맛봤기,Verb,1,1
망,Noun,1,4
망,Noun,10,1
망상,Noun,1,1
망작,Noun,1,2
망쳐,Verb,10,1
망쳤다,Verb,2,1
망하는,Adjective,1,1
망한,Adjective,9,1
망할,Adjective,10,1
망했군,Adjective,1,1
망했지,Adjective,10,1
맞고,Verb,1,2
맞냐,Verb,10,1
맞다고,Verb,9,1
맞아서,Verb,10,1
맞음,Verb,10,1
맞출려고,Verb,1,1
맞춤이었네요,Verb,9,1
맞춰서,Verb,1,1
맡겨라,Verb,10,1
맡아주세요,Verb,10,1
매,Modifier,1,1
매력,Noun,1,8
매력,Noun,4,1
매력,Noun,8,3
매력,Noun,9,2
매력,Noun,10,9
매번,Noun,9,1
매시간,Adverb,1,1
매우,Noun,1,4
매칭,Noun,10,1
매혹,Noun,10,1
맨,Modifier,4,1
맨,Noun,1,1
맨,Noun,8,1
맨,Noun,9,1
맨,Noun,10,1
맨날,Adverb,9,1
맨손,Noun,1,1
맨오브스틸,Noun,1,1
맨오브스틸,Noun,6,1
머,Noun,1,5
머,Noun,10,1
머리,Noun,10,1
머싯,Noun,8,1
먹고,Verb,4,1
먹는,Verb,1,1
먹는거랑,Verb,10,1
먹었고,Verb,10,1
먹여,Verb,10,2
먹은것,Verb,1,1
먹은듯,Verb,1,1
먼,Adjective,10,1
먼저,Noun,9,1
먼저,Noun,10,1
먼치킨,Noun,1,1
멀리,Noun,1,1
멀었다,Adjective,1,1
멋,Noun,10,2
멋대로,Noun,1,1
멋있게나오길래,Adjective,1,1
멋있고,Adjective,9,2
멋있고,Adjective,10,4
멋있긴,Adjective,9,1
멋있네,Adjective,10,1
멋있는,Adjective,1,1
멋있는데요,Adjective,10,1
멋있다,Adjective,10,6
멋있당,Adjective,9,1
멋있더라,Adjective,9,1
멋있습니다,Adjective,9,1
멋있어,Adjective,10,1
멋있어도,Adjective,10,1
멋있어서,Adjective,8,1
멋있어서,Adjective,10,1
멋있어요,Adjective,10,3
멋있었고,Adjective,8,1
멋있었다,Adjective,10,2
멋있었음,Adjective,10,1
멋있었지만,Adjective,1,1
멋있을수,Adjective,10,1
멋있음,Adjective,10,4
멋있지만,Adjective,10,1
멋져,Adjective,6,1
멋져요,Adjective,8,1
멋져요,Adjective,9,1
멋져요,Adjective,10,2
멋졌다,Adjective,10,1
멋졌어요,Adjective,9,1
멋지게,Adjective,1,1
멋지게,Adjective,10,1
멋지고,Adjective,9,2
멋지고,Adjective,10,3
멋지네요,Adjective,1,1
멋지다,Adjective,10,2
멋지던데,Adjective,10,1
멋진,Adjective,10,5
멋진데,Adjective,5,1
멋짐,Adjective,9,1
멋짐,Adjective,10,6
멋짐을,Adjective,10,1
멋짐이,Adjective,10,1
멋집니다,Adjective,10,1
멍,Noun,10,1
멍청하게,Adjective,10,1
메가박스,Noun,1,2
메가박스,Noun,9,1
메세지,Noun,7,1
메세지,Noun,10,2
메시지,Noun,5,1
메시지,Noun,10,2
메인,Noun,2,1
메인,Noun,10,2
멜로,Noun,1,1
멤버,Noun,1,1
며,Josa,10,1
멱살,Noun,10,2
면,Josa,1,5
면,Josa,8,2
면,Josa,9,1
면,Josa,10,9
면,Noun,10,1
멸망,Noun,1,1
명,Noun,2,1
명감,Noun,10,1
명언,Noun,1,1
명작,Noun,3,1
명작,Noun,10,1
몇,Modifier,10,1
몇번,Noun,1,1
모니터,Noun,1,1
모두,Noun,1,1
모두,Noun,10,2
모든,Modifier,1,1
모든,Modifier,10,1
모든,Noun,1,1
모든,Noun,10,5
모르게,Verb,10,1
모르겠는,Verb,1,1
모르겠는데,Verb,1,1
모르겠다,Verb,1,5
모르겠다,Verb,4,1
모르겠음,Verb,1,1
모르고,Verb,1,1
모르고,Verb,10,4
모르는,Verb,1,2
모르는,Verb,10,1
모르면,Verb,9,1
모르지만,Verb,1,1
모를,Verb,1,1
모릅니다,Verb,8,1
모션,Noun,1,1
모션,Noun,9,1
모습,Noun,7,1
모습,Noun,9,1
모시,Noun,10,1
목격,Noun,1,1
목로,Noun,10,1
몬,Noun,1,1
몬스터,Noun,10,1
몰,Verb,1,1
몰랐어요,Verb,10,1
몰랐음,Verb,9,1
몰려들오네,Verb,10,1
몰려와서,Verb,10,1
몰입,Noun,1,1
몰입도,Noun,10,2
몸,Noun,10,1
몸매,Noun,1,1
몸매,Noun,10,2
몹,Noun,1,1
못,Noun,1,6
못,Noun,4,2
못,Noun,9,2
못,Noun,10,2
못,VerbPrefix,1,9
못,VerbPrefix,3,1
못,VerbPrefix,7,1
못,VerbPrefix,9,1
못,VerbPrefix,10,6
못듬,Noun,1,1
못만드남,Noun,1,1
몽땅,Noun,10,1
묘,Noun,10,1
묘사,Noun,1,1
무,Noun,10,1
무기,Noun,10,2
무난,Noun,10,1
무너지는,Verb,1,1
무료,Noun,1,1
무리수였다,Adjective,1,1
무비,Noun,1,3
무비,Noun,9,1
무비,Noun,10,3
무서움,Noun,2,1
무슨,Modifier,1,1
무슨,Modifier,10,1
무슨,Noun,1,6
무슨,Noun,2,1
무슨,Noun,5,1
무시,Noun,1,1
무시,Noun,10,3
무식,Noun,1,1
무엇,Noun,1,1
무엇,Noun,10,2
무장,Noun,10,1
무재,Noun,10,1
무적,Noun,1,1
무적,Noun,10,1
무조건,Noun,1,2
무조건,Noun,10,3
무지,Noun,1,1
무차별,Noun,1,1
문제,Noun,10,1
묻고싶다,Verb,4,1
물,Noun,1,12
물,Noun,7,2
물,Noun,8,2
물,Noun,9,2
물,Noun,10,15
물답게,Verb,1,1
물들도,Verb,10,1
물론,Adverb,1,2
물론,Adverb,10,1
물리,Noun,10,1
물망,Noun,10,1
물어,Noun,10,1
물어보고싶다,Verb,1,1
물의,Noun,4,1
물의,Noun,9,2
물이,Noun,1,2
물이,Noun,9,1
물이,Noun,10,1
물정,Noun,1,1
뭐,Noun,1,10
뭐,Noun,6,1
뭐,Noun,8,1
뭐,Noun,9,1
뭐,Noun,10,7
뭔,Modifier,1,6
뭔,Modifier,10,3
뭔가,Noun,1,5
뭔가,Noun,8,1
뭔가,Noun,10,2
뭘,Noun,1,3
뭘,Noun,4,2
뭘,Noun,10,1
미,Adjective,4,1
미,Adjective,10,1
미국,Noun,1,1
미국,Noun,10,1
미국인,Noun,8,1
미나,Noun,1,1
미녀,Noun,10,1
미래,Noun,10,1
미리,Noun,10,1
미모,Noun,3,2
미모,Noun,10,6
미소,Noun,10,1
미술상,Noun,10,1
미안하게,Adjective,1,1
미안하다고,Adjective,1,1
미안해서,Adjective,1,1
미이라,Noun,10,1
미인,Noun,10,1
미쳤다,Adjective,10,1
미쳤어,Adjective,10,1
미쳤음,Adjective,10,1
미치는,Adjective,1,1
미치는줄,Adjective,1,1
미친,Adjective,1,3
미친,Adjective,10,2
미친듯,Adjective,10,1
미칠,Adjective,1,1
미흡할지라도,Adjective,10,1
민간인,Noun,7,1
민강,Noun,1,1
민망해서,Adjective,1,1
민폐,Noun,1,1
믿,Verb,1,1
믿거,Verb,1,1
믿고,Verb,1,6
믿고,Verb,10,1
믿고거,Verb,1,1
믿어,Verb,1,1
믿었는데,Verb,1,1
믿음,Noun,1,1
믿음,Noun,8,1
믿지,Verb,1,3
밀,Noun,10,1
밀리,Noun,1,1
밀리는,Verb,10,1
밋,Noun,10,3
및,Noun,1,1
밑,Noun,5,1
밑댓,Noun,10,1
밑밑,Noun,1,1
바,Noun,9,1
바꿔,Verb,6,1
바꿔라,Verb,1,1
바란,Noun,9,1
바랄만,Verb,10,1
바람,Noun,9,1
바로,Noun,1,2
바로,Noun,9,2
바보,Noun,1,2
바보,Noun,10,2
바쁘네,Adjective,10,1
바쁜,Adjective,1,1
박,Noun,9,1
박,Noun,10,1
박수,Noun,9,1
박수,Noun,10,1
박쥐,Noun,10,1
박진,Noun,1,1
박평,Noun,1,1
박히게,Verb,10,1
밖에,Josa,1,5
밖에,Josa,9,1
밖에,Josa,10,3
밖에는,Josa,10,1
반,Modifier,3,1
반,Modifier,8,1
반,Modifier,9,1
반,Modifier,10,1
반,Noun,10,1
반격,Noun,10,5
반대,Noun,1,1
반드시,Noun,1,1
반란,Noun,10,1
반박,Noun,10,1
반발,Noun,9,1
반응,Noun,10,1
반이,Foreign,9,1
반전,Noun,1,2
반전,Noun,8,1
반전,Noun,10,2
반지,Noun,1,1
반하고,Adjective,10,1
반할,Adjective,10,1
반할거,Adjective,10,1
반할수,Adjective,10,1
반해,Adjective,10,1
반해요,Adjective,10,1
반했다,Adjective,10,1
반했어,Noun,10,1
받겠지만,Verb,1,1
받고,Verb,1,1
받기를,Verb,10,1
받는거,Verb,1,1
받아,Verb,1,1
받아서,Verb,1,1
받은거,Verb,10,1
받을,Verb,10,2
받을만한,Verb,6,1
발,Noun,10,1
발가락,Noun,7,1
발견,Noun,10,1
발라,Noun,10,1
발생,Noun,1,1
발언,Noun,1,1
밟혀가던,Verb,10,1
밤,Noun,2,1
밤,Noun,10,1
밧다가,Verb,1,1
방,Noun,1,1
방금,Noun,1,2
방도,Noun,1,1
방영,Noun,1,1
방울,Noun,1,1
방패,Noun,1,1
방패,Noun,10,1
배,Noun,10,1
배경,Noun,8,2
배경,Noun,10,3
배는,Verb,1,1
배대,Verb,1,1
배대슈,Noun,4,1
배대슈,Noun,8,1
배대슈,Noun,9,1
배대슈,Noun,10,3
배댓슈,Noun,1,2
배댓슈,Noun,6,2
배댓슈,Noun,9,1
배우,Noun,1,6
배우,Noun,9,1
배우,Noun,10,5
배치도,Noun,4,1
배트맨,Noun,1,6
배트맨,Noun,8,1
배트맨,Noun,9,1
배트맨,Noun,10,5
배틀,Noun,9,1
백,Modifier,1,1
백린탄,Noun,1,2
백만,Noun,1,1
백만배,Noun,10,1
밸런스,Noun,1,2
버그,Noun,1,1
버렸네,Verb,1,1
버렸다,Verb,1,1
버렸다,Verb,10,1
버렸당,Verb,10,1
버리게,Verb,10,1
버리고,Verb,1,2
버리네,Verb,6,1
버리다니,Verb,4,1
버리지,Verb,1,1
버림,Verb,1,1
버스터,Noun,10,1
버전,Noun,1,2
버텼지만,Verb,1,1
버프,Noun,1,1
벅찬,Adjective,9,1
번,Noun,1,3
번,Noun,9,1
번,Noun,10,4
번볼,Noun,9,1
번은,Noun,1,1
번째,Suffix,9,2
벌써,Noun,10,1
법,Noun,1,1
법,Noun,2,1
법,Noun,8,1
벗어나서,Verb,9,1
베,Noun,1,1
베대,Verb,1,1
베드,Noun,10,1
베스트,Noun,1,2
베트맨,Noun,10,2
베플,Noun,5,1
벤,Verb,10,1
벤지,Verb,1,1
벨붕,Noun,10,1
벽,Noun,1,1
변함이,Adjective,10,1
별,Modifier,1,5
별,Modifier,10,2
별,Noun,1,1
별,Noun,10,2
별로,Noun,1,8
별로,Noun,5,2
별로,Noun,10,2
별루,Noun,1,1
병,Noun,1,3
병원,Noun,1,1
보,Noun,1,1
보,Noun,10,1
보게,Verb,1,1
보겠다,Verb,1,1
보겠다고,Verb,1,1
보겠더라,Verb,1,1
보겠던데,Verb,10,1
보겠습니다,Verb,9,1
보고,Foreign,1,1
보고,Noun,1,16
보고,Noun,5,1
보고,Noun,8,1
보고,Noun,10,9
보고싶다,Verb,10,1
보고싶은,Verb,8,1
보고싶음,Verb,10,1
보고싶지,Verb,1,1
보고왔는데,Verb,1,1
보고왔는데,Verb,9,1
보고왔는데,Verb,10,1
보고있어,Verb,10,1
보구,Noun,1,1
보기,Noun,1,5
보기,Noun,8,1
보기,Noun,10,4
보길,Verb,10,2
보길잘,Verb,10,1
보내던데,Verb,10,1
보냐,Verb,1,1
보너스,Noun,10,1
보는,Verb,1,10
보는,Verb,8,2
보는,Verb,9,2
보는,Verb,10,7
보는거,Verb,1,1
보는것만으로도,Verb,10,1
보는것이,Verb,1,1
보는게,Verb,1,4
보는내내,Verb,1,3
보는내내,Verb,9,1
보는내내,Verb,10,2
보는데,Verb,1,1
보는데,Verb,10,2
보는듯,Verb,1,1
보는줄,Verb,1,1
보는지,Verb,10,1
보니,Verb,1,2
보니,Verb,8,1
보니,Verb,10,3
보다,Josa,1,8
보다,Josa,3,1
보다,Josa,8,3
보다,Josa,9,5
보다,Josa,10,18
보다,Verb,1,7
보다,Verb,5,1
보다,Verb,10,7
보다가,Foreign,1,1
보다가,Verb,1,6
보다는,Josa,1,2
보다는,Josa,8,1
보다는,Josa,10,1
보다니,Verb,1,1
보단,Josa,1,3
보단,Josa,5,1
보단,Josa,8,3
보더,Noun,10,1
보던,Verb,1,1
보던,Verb,10,1
보라,Noun,1,1
보람,Noun,9,1
보러,Verb,1,3
보러,Verb,9,2
보러,Verb,10,2
보려는,Verb,1,1
보려다,Verb,10,1
보려면,Verb,1,1
보리,Noun,1,1
보면,Verb,1,5
보면,Verb,8,1
보면,Verb,10,6
보면사,Verb,1,1
보면서,Verb,1,7
보면서도,Verb,6,1
보세요,Verb,1,1
보세요,Verb,8,1
보세요,Verb,9,1
보세요,Verb,10,15
보셈,Verb,10,1
보소,Verb,1,1
보소,Verb,10,1
보스,Noun,1,1
보스,Noun,9,1
보스,Noun,10,2
보시,Noun,1,1
보시길,Verb,1,3
보시길,Verb,5,1
보시는거,Verb,1,1
보시오,Verb,10,1
보심,Noun,1,1
보아,Noun,1,1
보앗네요,Verb,10,2
보았는데,Verb,1,1
보았던,Verb,10,1
보았어요,Verb,9,1
보여,Verb,6,1
보여,Verb,10,1
보여주는,Verb,9,1
보여주는,Verb,10,1
보여주지,Verb,10,1
보여준,Verb,1,1
보여준,Verb,8,1
보여준,Verb,9,1
보여준,Verb,10,2
보여준다,Verb,4,1
보여줌,Verb,9,1
보여줘서,Verb,1,1
보여줬다,Verb,10,1
보여줬습니다,Verb,10,2
보여줬지,Verb,4,1
보여지지도,Verb,9,1
보였고,Verb,8,1
보였던,Verb,9,1
보였던,Verb,10,1
보이,Noun,1,1
보이,Noun,9,1
보이는,Verb,8,1
보이는,Verb,10,1
보일,Verb,8,1
보자,Verb,1,1
보자고,Verb,1,1
보자마자,Verb,10,1
보자면,Verb,1,1
보장,Noun,10,1
보증,Noun,10,1
보지,Noun,1,9
보지,Noun,3,1
보지,Noun,10,1
보지마,Verb,1,2
보지마라,Verb,1,2
보지말길,Verb,1,1
보지말자,Verb,1,1
보트,Noun,9,1
본,Modifier,1,5
본,Modifier,5,1
본,Modifier,10,1
본,Verb,1,12
본,Verb,8,2
본,Verb,9,2
본,Verb,10,6
본거,Verb,10,2
본건데,Verb,10,1
본다,Verb,1,4
본다,Verb,8,1
본다,Verb,10,2
본듯,Verb,1,2
본인,Noun,1,1
본적,Noun,1,1
본질,Noun,10,1
볼,Noun,1,6
볼,Noun,2,1
볼,Noun,3,1
볼,Noun,5,1
볼,Noun,8,4
볼,Noun,9,3
볼,Noun,10,11
볼거,Verb,10,2
볼거다,Verb,10,1
볼거리,Noun,1,1
볼거리,Noun,10,1
볼거야,Verb,10,1
볼거에요,Verb,1,1
볼걸,Noun,10,1
볼것,Verb,1,2
볼것까지야,Verb,4,1
볼것도,Verb,1,1
볼까,Verb,10,2
볼꺼라고,Verb,3,1
볼꺼라면,Verb,1,1
볼러,Verb,9,1
볼수록,Verb,9,1
볼트,Noun,1,1
봄,Noun,1,2
봄,Noun,8,1
봄,Noun,10,5
봅니다,Verb,1,2
봅니다,Verb,10,1
봉작,Noun,10,1
봊,Noun,10,2
봐,Verb,1,2
봐,Verb,9,1
봐,Verb,10,1
봐도,Verb,1,4
봐도,Verb,10,9
봐라,Verb,10,3
봐서,Verb,9,1
봐서,Verb,10,2
봐야,Verb,1,1
봐야,Verb,10,2
봐야겠어요,Verb,8,1
봐야디,Verb,10,1
봐야지,Verb,10,2
봐야지하고,Verb,1,1
봐줄,Verb,1,1
봐줄만,Verb,1,1
봣네,Noun,10,1
봣는데,Noun,1,2
봣는데,Noun,10,1
봤,Verb,8,2
봤,Verb,9,1
봤네,Verb,10,1
봤네요,Verb,1,1
봤네요,Verb,10,1
봤는대,Verb,10,1
봤는데,Verb,1,9
봤는데,Verb,5,2
봤는데,Verb,10,9
봤다,Verb,8,1
봤다,Verb,9,2
봤다,Verb,10,5
봤다가,Verb,1,1
봤다가,Verb,10,1
봤다면,Verb,1,1
봤던,Verb,7,1
봤던,Verb,8,1
봤던,Verb,10,1
봤습니다,Verb,7,1
봤습니다,Verb,8,1
봤습니다,Verb,9,2
봤습니다,Verb,10,8
봤어도,Verb,9,1
봤어요,Verb,1,1
봤어요,Verb,9,1
봤어요,Verb,10,4
봤으면,Verb,10,1
봤을,Verb,1,1
봤음,Verb,8,1
봤음,Verb,10,5
봤지만,Verb,1,1
봤지만,Verb,2,1
봤지만,Verb,10,1
뵈라,Verb,1,1
부,Noun,1,6
부,Noun,8,1
부,Noun,9,5
부,Noun,10,8
부가,Noun,7,1
부가,Noun,10,2
부각시키려,Verb,6,1
부는,Verb,3,1
부는,Verb,10,1
부드러움,Noun,10,1
부들부들,Noun,1,1
부들부들하다,Adjective,1,1
부디,Noun,1,1
부디,Noun,8,1
부러울줄이야,Verb,10,1
부럽네,Adjective,10,1
부류,Noun,10,1
부모님,Noun,1,3
부분,Noun,1,3
부분,Noun,8,1
부분,Noun,9,1
부분,Noun,10,3
부수,Noun,10,2
부응,Noun,10,1
부의,Noun,1,1
부의,Noun,3,1
부족,Noun,1,1
부족했다는것,Adjective,10,1
부족했지만,Adjective,7,1
부지,Noun,1,1
부터,Josa,1,7
부터,Josa,2,1
부터,Josa,6,1
부터,Josa,9,3
부터,Josa,10,8
부턴,Josa,1,1
부활,Noun,1,1
부활,Noun,10,1
분,Noun,1,2
분,Noun,8,1
분,Noun,10,1
분,Suffix,1,1
분,Suffix,10,2
분다,Noun,1,1
분들,Suffix,1,1
분명,Noun,7,1
분명,Noun,10,1
분명하고,Adjective,10,1
분명하다,Adjective,6,1
분명한,Adjective,4,1
분위기,Noun,1,1
분위기,Noun,9,1
분위기,Noun,10,4
불가,Noun,8,1
불가,Noun,10,1
불과했어,Adjective,10,1
불구,Noun,1,1
불구,Noun,10,1
불릴만,Verb,10,1
불만족,Noun,10,1
불쌍하네,Adjective,10,1
불안했는데,Adjective,10,1
불쾌감,Noun,3,1
붕괴,Noun,1,1
브라,Noun,10,1
비교,Noun,1,3
비교,Noun,4,1
비교,Noun,5,3
비교,Noun,6,1
비교,Noun,10,4
비긴즈,Noun,10,1
비너스,Noun,10,1
비뇨기,Noun,5,1
비디오,Noun,1,1
비록,Noun,10,1
비명,Noun,1,1
비슷하게,Adjective,7,1
비슷한데,Adjective,10,1
비율,Noun,10,1
비장,Noun,9,1
비주,Noun,4,1
비주,Noun,9,1
비주,Noun,10,1
비쥬,Noun,9,1
비추,Verb,1,1
비추가,Noun,1,1
비치,Noun,10,1
비하,Verb,1,1
비해,Verb,1,3
비해,Verb,5,1
비해,Verb,6,1
비해,Verb,9,1
비현실적,Noun,1,1
빅토리아,Noun,1,1
빈약하고,Adjective,6,1
빈약한,Adjective,1,1
빈약한듯,Adjective,9,1
빌런,Noun,1,3
빌런,Noun,2,1
빌런,Noun,7,1
빌런,Noun,9,1
빌런,Noun,10,1
빔,Noun,1,1
빠,Noun,1,1
빠,Noun,10,1
빠는,Verb,1,1
빠르게,Adjective,1,1
빠른,Adjective,8,1
빠를듯,Adjective,1,1
빠져,Verb,10,1
빠졌다,Verb,10,1
빠지는게,Verb,10,1
빠지지,Verb,10,1
빠짐,Verb,1,1
빡치고,Adjective,1,1
빡친다,Adjective,1,1
빤스입,Noun,10,1
빨,Noun,1,2
빨리,Adverb,1,3
빵,Noun,8,1
빼고는,Verb,1,1
빼곤,Verb,1,1
빼곤,Verb,9,1
빼면,Verb,2,1
빼면,Verb,9,1
뺨,Noun,10,1
뺨치,Noun,10,1
뻑갔다,Noun,10,1
뻔,Noun,10,3
뻔하고,Adjective,1,1
뻔한,Adjective,1,4
뻔한거,Adjective,1,1
뻔한내용,Adjective,1,1
뻔함,Adjective,1,1
뻔했다,Adjective,10,1
뻔했습니다,Adjective,1,1
뻔했음,Adjective,10,1
뻥,Noun,10,1
뽑아내다니,Verb,10,1
뽑았다,Verb,1,1
뽑혀서,Verb,10,1
뽕짝,Noun,1,2
뿐,Noun,1,3
뿐,Noun,6,1
뿐,Noun,10,1
뿐,Suffix,1,1
뿐,Suffix,4,1
뿜뿜,Noun,10,1
삐까츄행,Noun,1,1
삔건,Noun,1,1
사,Modifier,1,1
사,Modifier,10,1
사,Noun,1,1
사가,Noun,10,1
사고,Noun,10,1
사과,Noun,1,1
사기,Noun,1,1
사드,Noun,1,1
사람,Noun,1,21
사람,Noun,4,1
사람,Noun,8,2
사람,Noun,9,2
사람,Noun,10,7
사람과,Noun,10,1
사랑,Noun,1,3
사랑,Noun,7,1
사랑,Noun,9,1
사랑,Noun,10,7
사상,Noun,1,2
사연,Noun,1,3
사운드트랙,Noun,1,1
사이드,Noun,1,3
사이드,Noun,6,1
사이드,Noun,8,1
사이드,Noun,10,1
삭제,Noun,10,1
산,Noun,1,1
산뜻한,Adjective,10,1
산만함의,Adjective,1,1
산소호흡,Noun,10,1
산이,Noun,1,1
살,Noun,10,2
살다,Verb,1,2
살려,Verb,10,1
살렸네,Verb,10,1
살렸네요,Verb,10,1
살렸다,Verb,8,1
살렸다,Verb,10,1
살리,Verb,10,1
살리고,Verb,1,1
살리고,Verb,10,1
살린,Verb,8,2
살린,Verb,10,2
살린다,Verb,10,1
살릴,Verb,9,1
살릴것,Verb,9,1
살아남,Verb,10,1
살아났다,Verb,9,1
살아야,Verb,10,1
삼,Modifier,3,1
삼류,Noun,2,1
삼박자,Noun,10,1
삼천원,Noun,1,1
상,Suffix,1,1
상당히,Adjective,1,1
상당히,Adjective,10,1
상대편,Noun,1,1
상도,Noun,1,1
상미,Noun,1,1
상미,Noun,9,1
상미,Noun,10,3
상사,Noun,1,1
상상,Noun,1,1
상상,Noun,3,1
상쇄함,Noun,10,1
상영,Noun,1,2
상영,Noun,7,1
상징,Noun,1,1
새,Noun,1,2
새끼,Noun,1,2
새끼,Noun,5,1
새로,Adjective,9,1
새로,Adjective,10,1
새로운,Adjective,10,3
새로운것이,Adjective,1,1
새로울,Adjective,10,1
새롭게,Adjective,8,1
새장,Noun,9,1
색기,Noun,1,1
색출,Noun,1,1
샛기들,Noun,1,1
생각,Noun,1,15
생각,Noun,5,3
생각,Noun,6,1
생각,Noun,8,3
생각,Noun,9,6
생각,Noun,10,8
생각남,Verb,10,1
생기,Noun,10,1
생기는,Verb,10,1
생생하게,Adjective,10,1
생애,Noun,1,1
샬롬,Noun,1,2
서,Josa,1,6
서,Josa,4,1
서,Josa,10,4
서,Modifier,1,1
서,Verb,1,3
서,Verb,10,3
서다,Verb,5,1
서도,Noun,10,1
서론,Noun,1,1
서른,Modifier,1,1
서사,Noun,9,1
서사시,Noun,8,1
서야,Verb,9,1
서야,Verb,10,1
서양,Noun,1,1
서요,Verb,10,1
섞어서,Verb,1,1
섞여있다,Verb,1,1
섞인듯,Verb,8,1
선,Noun,1,3
선,Noun,9,1
선,Noun,10,2
선두,Noun,10,1
선물,Noun,10,1
선방,Noun,10,2
선악,Noun,1,1
선장,Noun,10,2
선전,Noun,1,1
선택,Noun,10,1
선한,Adjective,8,1
설,Noun,8,1
설득,Noun,8,1
설랜다,Noun,10,1
설레임,Noun,10,1
설명,Noun,1,2
설정,Noun,1,3
설정,Noun,6,1
섬,Noun,1,2
섬세했다,Adjective,9,1
섭외,Noun,8,1
성,Modifier,1,4
성,Modifier,8,1
성,Modifier,9,1
성,Modifier,10,4
성,Suffix,1,5
성,Suffix,2,1
성,Suffix,3,1
성,Suffix,10,1
성경책,Noun,1,1
성공,Noun,10,1
성공하자,Adjective,10,1
성공해다오,Adjective,10,1
성도,Noun,1,3
성도,Noun,6,1
성도,Noun,10,2
성장,Noun,10,1
성장해가는,Adjective,10,1
성조기,Noun,1,1
성하게,Adjective,1,1
성하고,Adjective,1,4
성한,Adjective,1,3
성한,Adjective,8,1
성합니다,Adjective,4,1
세,Noun,1,6
세계,Noun,1,2
세계,Noun,9,1
세계,Noun,10,3
세계관,Noun,7,1
세계관,Noun,10,1
세계대전,Noun,8,1
세력,Noun,10,1
세련,Noun,1,1
세련되었다,Adjective,10,1
세번,Noun,1,1
세번,Noun,10,1
세상,Noun,1,6
세상,Noun,8,2
세상,Noun,10,4
세신이,Verb,1,1
세일러문,Noun,1,1
세트,Noun,10,1
섹드립,Noun,10,1
섹쉬함니,Noun,8,1
섹시,Noun,10,1
섹시하냐,Adjective,10,1
섹시하네요,Adjective,10,1
센세이션,Noun,10,1
센티,Noun,10,1
셈,Noun,7,1
션,Noun,1,1
션메,Noun,10,1
셧습,Noun,10,1
소녀,Noun,1,1
소녀가장,Noun,8,1
소름,Noun,1,2
소름,Noun,8,2
소름,Noun,9,1
소름,Noun,10,6
소름끼칠,Verb,1,1
소름끼칠,Verb,10,1
소리,Noun,1,1
소리,Noun,8,1
소리,Noun,9,1
소리,Noun,10,2
소소한,Adjective,10,1
소재,Noun,1,1
소중한,Adjective,2,1
소품,Noun,9,1
속,Modifier,1,2
속,Modifier,3,1
속,Modifier,9,1
속,Modifier,10,1
속,Noun,1,6
속,Noun,10,2
속이,Verb,10,1
속지,Noun,1,3
속지,Noun,10,1
속편,Noun,10,1
손,Noun,7,1
손,Noun,10,1
손가락,Noun,1,1
손발,Noun,1,3
손색,Noun,10,2
솔,Noun,1,1
솔로,Noun,10,1
솔져,Noun,10,1
솔직한,Adjective,1,2
솔직해지자,Adjective,1,1
솔직히,Adjective,1,6
솔직히,Adjective,5,1
솔직히,Adjective,7,1
솔직히,Adjective,8,3
솔직히,Adjective,10,2
수,Modifier,1,1
수,Modifier,10,1
수,Noun,1,4
수,Noun,3,3
수,Noun,7,1
수,Noun,10,10
수가,Noun,1,1
수가,Noun,10,4
수뇌부,Noun,10,1
수도,Noun,8,1
수뤠기,Noun,1,1
수많은,Adjective,1,1
수박,Noun,10,1
수복,Noun,1,1
수어,Noun,1,2
수어,Noun,6,1
수어,Noun,8,1
수어,Noun,10,1
수염,Noun,1,1
수이,Noun,7,1
수입,Noun,1,1
수작,Noun,10,3
수준,Noun,1,6
수준,Noun,6,1
수준,Noun,8,1
수준,Noun,10,1
수퍼맨,Noun,8,1
수퍼빌런,Noun,1,1
수퍼히어로,Noun,1,3
순,Noun,1,1
순,Noun,10,1
순간,Noun,10,1
순수한,Adjective,10,1
순수함이란,Adjective,10,1
순식간,Noun,6,1
순위,Noun,10,1
순전히,Adjective,5,1
술작,Noun,10,1
쉬셨고,Verb,1,1
쉽게,Verb,4,1
쉽게,Verb,10,1
쉽으로,Verb,1,1
슈,Noun,1,1
슈가,Noun,1,1
슈트,Noun,10,1
슈퍼,Noun,9,1
슈퍼,Noun,10,1
슈퍼맨,Noun,1,6
슈퍼맨,Noun,4,1
슈퍼맨,Noun,9,1
슈퍼맨,Noun,10,5
슈퍼히어로,Noun,1,2
슈퍼히어로,Noun,10,1
스,Noun,6,1
스나이더,Noun,10,3
스나이퍼,Noun,1,2
스러웠지만,Adjective,10,1
스럽게,Josa,6,1
스럽다,Adjective,1,1
스럽습니다,Adjective,1,1
스럽지,Josa,9,1
스럽진,Adjective,1,1
스리,Noun,9,1
스릴,Noun,1,1
스칼렛,Noun,10,1
스케일,Noun,1,1
스케일,Noun,7,1
스케일,Noun,10,3
스쿼드,Noun,1,1
스쿼드,Noun,8,1
스쿼드,Noun,10,1
스키라,Noun,10,1
스킵,Noun,1,1
스타워즈,Noun,10,1
스타일,Noun,10,1
스타트,Noun,10,4
스타트랙,Noun,10,1
스테픈,Noun,4,1
스토리,Noun,1,39
스토리,Noun,2,1
스토리,Noun,3,2
스토리,Noun,4,2
스토리,Noun,5,1
스토리,Noun,6,1
스토리,Noun,7,1
스토리,Noun,8,3
스토리,Noun,9,2
스토리,Noun,10,23
스트레스,Noun,10,2
스트리,Noun,1,1
스티,Noun,9,1
스티브,Noun,1,1
스티브,Noun,9,1
스티브,Noun,10,5
스틸,Noun,1,1
스틸,Noun,4,1
스틸,Noun,9,1
스포,Noun,10,1
스포일러,Noun,10,1
슬로모션,Noun,1,1
슬로우,Noun,1,1
슬로우모션,Noun,6,1
슬퍼서,Adjective,10,1
슬프게,Adjective,10,1
슬픈,Adjective,10,1
습,Noun,8,1
습니다,Eomi,10,1
승,Noun,9,1
시,Modifier,1,1
시,Noun,8,1
시,Noun,10,2
시각,Noun,10,1
시간,Noun,1,21
시간,Noun,5,1
시간,Noun,10,7
시계,Noun,10,2
시골,Noun,1,1
시공,Noun,1,1
시네마,Noun,1,2
시대,Noun,9,1
시대,Noun,10,1
시리즈,Noun,1,1
시리즈,Noun,4,1
시리즈,Noun,8,2
시리즈,Noun,10,8
시말서,Noun,1,1
시사,Noun,9,1
시사회,Noun,10,3
시스,Noun,10,1
시시하고,Adjective,1,1
시아,Noun,1,1
시오니스트,Noun,1,4
시원하게,Adjective,10,1
시원한,Adjective,8,1
시원한,Adjective,9,1
시원한,Adjective,10,1
시작,Noun,1,4
시작,Noun,9,3
시작,Noun,10,9
시절,Noun,7,1
시절,Noun,10,3
시점,Noun,10,1
시켜,Verb,8,1
시켜야지,Verb,1,1
시크릿,Noun,1,1
시키고,Verb,10,1
시키는,Verb,1,1
시키다,Verb,10,1
시키다니,Verb,10,1
식,Noun,1,1
식,Noun,9,2
식,Suffix,9,2
식,Suffix,10,2
식상하고,Adjective,4,1
식이,Noun,1,1
신,Modifier,1,1
신,Modifier,8,1
신,Modifier,10,1
신,Noun,1,3
신,Noun,2,1
신,Noun,8,1
신,Noun,9,3
신,Noun,10,2
신경,Noun,1,1
신경,Noun,10,1
신기하네,Adjective,6,1
신기하다,Adjective,1,1
신기할,Adjective,1,1
신도,Noun,1,2
신도,Noun,4,1
신도,Noun,8,1
신뢰,Noun,1,1
신분,Noun,1,1
신선,Noun,7,1
신선함이,Adjective,9,1
신은,Verb,1,4
신은경,Noun,1,1
신의,Noun,7,1
신의,Noun,9,2
신의,Noun,10,4
신이였어,Verb,10,1
신호탄,Noun,1,1
신화,Noun,9,1
실,Noun,1,2
실감,Noun,1,2
실로,Noun,1,1
실망,Noun,1,6
실망함,Adjective,1,1
실정,Noun,1,1
실제,Noun,1,2
실제,Noun,10,1
실화,Noun,1,1
실화,Noun,10,1
싫어서,Adjective,10,1
싫지만,Adjective,1,1
심,Noun,5,1
심각,Noun,1,1
심각하게,Adjective,1,1
심신,Noun,10,1
심야,Noun,9,1
심야,Noun,10,1
심장,Noun,10,1
심지어,Noun,1,3
심지어,Noun,10,1
심쿵,Noun,10,2
심하다,Adjective,7,1
싶가,Verb,1,1
싶군,Verb,10,1
싶냐,Verb,1,1
싶네요,Verb,1,1
싶다,Verb,1,1
싶다,Verb,10,1
싶습니다,Verb,9,1
싶어,Verb,1,2
싶어서,Verb,10,1
싶었는데,Verb,10,1
싶었던게,Verb,10,1
싶었습니다,Verb,9,1
싶었음,Verb,1,1
싶은,Verb,1,2
싶은,Verb,10,1
싶은데,Verb,10,1
싶을,Verb,1,1
싶을까,Verb,1,1
싶을까,Verb,10,1
싶지만,Verb,1,1
싶지만,Verb,8,1
싶진,Verb,1,1
싸우나,Verb,6,1
싸우는,Verb,1,1
싸우는,Verb,10,1
싸우는것도,Verb,1,1
싸우다가,Verb,1,1
싸우질,Verb,1,1
싸울,Verb,8,1
싸울,Verb,10,1
싸움,Noun,1,5
싸움,Noun,10,1
싼,Verb,6,1
쌈,Noun,1,1
쌈박하게,Adjective,10,1
쌈장,Noun,1,1
쌓인,Verb,10,1
써라,Verb,10,1
써서,Verb,1,1
써서,Verb,5,1
썼냐,Verb,1,1
썼네,Verb,10,1
쎈,Adjective,10,2
쏘고,Verb,1,1
쏘고있네,Verb,1,1
쏟아져서,Verb,1,1
쏟아졌다면,Verb,4,1
쏴,Verb,10,1
쒀서,Verb,10,1
쓰게,Verb,1,1
쓰나,Verb,1,2
쓰네,Verb,1,1
쓰는데,Adjective,1,1
쓰는데,Verb,1,3
쓰레기,Noun,1,11
쓰레기,Noun,8,2
쓰레기,Noun,10,2
쓰려고,Verb,1,1
쓰리디,Adjective,10,1
쓰시,Noun,1,1
쓴,Verb,1,2
쓴다,Verb,1,1
쓴다,Verb,10,1
쓸,Verb,10,1
쓸데없는,Adjective,10,1
쓸데없이,Adverb,1,2
씀,Verb,1,2
씀,Verb,8,1
씨,Noun,1,3
씨,Noun,10,1
씩,Suffix,9,1
씬,Noun,1,3
씬,Noun,6,1
씬,Noun,9,2
씬,Noun,10,3
씹,Verb,1,1
씹,Verb,10,2
씹극혐,Noun,10,1
씹어,Verb,1,1
아,Exclamation,1,7
아,Exclamation,2,1
아,Exclamation,10,5
아,Josa,1,6
아,Josa,5,1
아,Josa,8,1
아,Josa,10,3
아까,Adjective,1,3
아까운,Adjective,1,2
아까운데,Adjective,1,2
아까워,Adjective,1,2
아까워라,Adjective,1,1
아까워서,Adjective,1,2
아까워요,Adjective,1,6
아까웠다,Adjective,1,1
아깝,Adjective,1,2
아깝고,Adjective,1,2
아깝다,Adjective,1,12
아깝습니다,Adjective,1,1
아깝지,Adjective,9,1
아깝지,Adjective,10,1
아끼세요,Verb,1,1
아는,Verb,10,1
아니,Adjective,1,1
아니,Adjective,9,1
아니,Adjective,10,2
아니고,Adjective,1,5
아니고,Adjective,10,4
아니고여,Adjective,1,1
아니네요,Adjective,1,1
아니다,Adjective,1,2
아니다,Adjective,10,1
아니라,Adjective,1,3
아니라,Adjective,10,3
아니라고,Adjective,8,1
아니면,Adjective,10,3
아니였으면,Adjective,10,1
아니였음,Adjective,1,1
아니지만,Adjective,1,2
아닌,Adjective,10,1
아닌가,Adjective,9,2
아닌것,Adjective,1,1
아닌데,Adjective,1,1
아닌데,Adjective,10,1
아닐까,Adjective,5,1
아닐꺼아냐,Adjective,10,1
아닐세,Adjective,1,1
아님,Adjective,1,6
아대,Noun,1,2
아두,Noun,1,1
아득한,Adjective,10,1
아들,Noun,9,1
아레나,Noun,7,1
아레스,Noun,1,12
아레스,Noun,2,1
아레스,Noun,4,1
아레스,Noun,7,1
아레스,Noun,9,2
아련하다,Adjective,9,1
아르바이트생,Noun,1,1
아름다운,Adjective,9,1
아름다운,Adjective,10,1
아름다웠고,Adjective,10,1
아름다웠다,Adjective,8,1
아름답게,Adjective,8,1
아름답고,Adjective,8,1
아름답고,Adjective,10,2
아름답다,Adjective,10,1
아마,Noun,9,1
아마,Noun,10,1
아마존,Noun,1,1
아메리카,Noun,8,1
아무,Modifier,1,1
아무,Modifier,5,1
아무,Noun,10,1
아무리,Adverb,1,2
아무리,Adverb,10,2
아바타,Noun,1,1
아보,Noun,10,1
아빠,Noun,2,1
아빠,Noun,10,1
아쉬운게,Adjective,9,1
아쉬워서,Adjective,9,1
아쉬워요,Adjective,10,1
아쉬웠는데,Adjective,1,1
아쉬웠다,Adjective,10,1
아쉬웠지만,Adjective,9,1
아쉬웠지만,Adjective,10,1
아쉽,Adjective,10,1
아쉽네요,Adjective,2,1
아쉽지만,Adjective,5,1
아예,Noun,1,2
아오,Exclamation,1,2
아이,Noun,10,1
아이디,Noun,1,1
아이디,Noun,10,2
아이디어,Noun,8,1
아이맥스,Noun,10,1
아이언맨,Noun,9,1
아이언맨,Noun,10,5
아저씨,Noun,1,2
아주,Noun,1,2
아주,Noun,4,1
아주,Noun,8,1
아주,Noun,10,4
아줌마,Noun,9,1
아직,Adverb,1,1
아직도,Adverb,1,1
아침,Noun,1,2
아카데미,Noun,10,2
아쿠아,Noun,8,1
아파,Adjective,2,1
악,Exclamation,1,1
악,Noun,4,1
악녀,Noun,1,1
악당,Noun,1,4
악독한,Adjective,1,1
악마,Noun,1,1
악의,Noun,9,1
악평,Noun,5,1
악플다는,Verb,10,1
안,Noun,1,7
안,Noun,7,1
안,Noun,10,2
안,VerbPrefix,1,22
안,VerbPrefix,3,1
안,VerbPrefix,4,1
안,VerbPrefix,8,1
안,VerbPrefix,10,13
안구,Noun,10,1
안나,Noun,1,1
안나,Noun,10,1
안다는데,Verb,1,2
안다치고,Verb,1,1
안도,Noun,8,1
안되게,Adjective,1,1
안되게,Adjective,5,1
안되고,Adjective,1,3
안되네요,Adjective,10,1
안되는,Adjective,1,5
안되는지,Adjective,1,1
안됨,Adjective,1,2
안됨,Adjective,10,1
안됬을거,Adjective,10,1
안보,Noun,1,3
안보,Noun,8,1
안보,Noun,10,2
안젤리나,Noun,10,1
안타,Noun,9,1
안통,Noun,1,1
안티오페,Noun,10,1
안하는데,Verb,1,1
안함,Noun,1,1
안해,Noun,10,1
앉아있는,Verb,1,1
앉아있는게,Verb,1,1
앉은,Verb,9,1
않게,Verb,9,1
않게,Verb,10,1
않고,Verb,4,1
않고,Verb,10,1
않나,Verb,1,1
않나,Verb,2,1
않나,Verb,10,1
않냐,Verb,10,1
않는,Verb,1,1
않는,Verb,10,1
않는다,Verb,1,1
않는다,Verb,7,1
않는데,Verb,10,1
않다,Verb,1,1
않다,Verb,10,1
않다나는,Verb,1,1
않다니,Verb,10,1
않더라도,Verb,1,1
않습니다,Verb,6,1
않아,Verb,1,1
않아,Verb,8,1
않아,Verb,9,1
않아,Verb,10,1
않아서,Verb,6,1
않아요,Verb,1,2
않았고,Verb,9,1
않았다,Verb,10,3
않았음,Verb,9,2
않았음에도,Verb,9,1
않았지만,Verb,1,1
않으면서,Verb,4,1
않으면서도,Verb,8,1
않은,Verb,1,1
않은,Verb,9,1
않은,Verb,10,1
않은거,Verb,10,1
않은듯,Verb,8,1
않을거에요,Verb,1,1
않음,Verb,1,1
않음,Verb,9,1
알,Noun,1,5
알,Noun,10,3
알겟다,Verb,1,1
알겠다,Verb,1,1
알려,Verb,10,1
알려주는,Verb,9,1
알리,Noun,1,1
알리는,Verb,1,1
알리는데는,Verb,10,1
알면서,Verb,9,1
알바,Noun,1,41
알바,Noun,5,3
알바,Noun,10,6
알바로,Noun,1,1
알바생,Noun,1,1
알수,Verb,8,1
알앗네,Verb,1,1
알았네,Verb,1,1
알았네요,Verb,1,1
알았네요,Verb,9,1
알았는데,Verb,8,1
알았는데,Verb,9,1
알았다,Verb,1,5
알았다,Verb,2,1
알았다,Verb,8,1
알았으면,Verb,10,2
알았음,Verb,10,1
알았지만,Verb,7,1
암,Modifier,4,1
암,Noun,1,1
암울한,Adjective,10,1
암울함도,Adjective,10,1
암튼,Adverb,10,2
압,Noun,9,1
압니,Noun,1,1
압도,Noun,8,1
압도,Noun,10,1
압쪽,Noun,1,1
앗다,Verb,1,1
앗음,Verb,1,1
았,Noun,1,2
았,Noun,3,1
앞,Noun,1,3
앞,Noun,9,4
앞,Noun,10,7
앞날,Noun,1,1
애,Noun,1,5
애,Noun,10,2
애가,Noun,9,1
애니메이션,Noun,1,1
애매하게,Adjective,1,1
애새,Noun,9,1
애쓰네요,Verb,1,1
애처,Noun,10,1
애플,Noun,10,1
액션,Noun,1,36
액션,Noun,2,1
액션,Noun,3,1
액션,Noun,4,2
액션,Noun,5,1
액션,Noun,6,2
액션,Noun,8,8
액션,Noun,9,13
액션,Noun,10,43
액션씬,Noun,1,1
액션씬,Noun,8,2
액션씬,Noun,9,1
액션씬,Noun,10,2
액션연기,Noun,10,1
액션영화,Noun,10,2
앵,Adverb,10,1
야,Exclamation,10,1
야,Josa,1,3
야,Josa,5,1
야,Josa,10,1
야수,Noun,10,1
야할,Adjective,1,1
야함,Adjective,10,1
약간,Noun,1,2
약간,Noun,10,4
약점,Noun,6,1
약진,Noun,5,1
약하다,Adjective,1,1
얘기,Noun,6,1
어,Eomi,1,1
어,Noun,8,1
어,Noun,10,1
어,Suffix,1,2
어,Suffix,5,1
어,Suffix,10,3
어느,Modifier,1,1
어느,Modifier,3,1
어느,Modifier,10,1
어둑어둑한,Adjective,9,1
어디,Noun,1,1
어디,Noun,6,1
어디서,Adverb,1,1
어디서,Adverb,10,1
어떤,Adjective,10,1
어떤,Modifier,1,1
어떤,Modifier,10,2
어떻,Modifier,1,1
어떻게,Adjective,1,3
어떻게,Adjective,8,1
어라,Verb,10,1
어렸을,Verb,10,1
어로,Noun,10,1
어른,Noun,1,3
어른,Noun,10,1
어리바리,Adverb,1,1
어린,Verb,1,1
어린,Verb,10,1
어린아이와,Verb,7,1
어린이,Noun,1,3
어린이,Noun,9,1
어릴,Verb,1,1
어릴,Verb,7,1
어릴,Verb,8,1
어릴,Verb,10,1
어마,Noun,10,1
어벤저스,Noun,1,1
어벤져,Noun,9,1
어벤져스,Noun,1,1
어벤져스,Noun,10,2
어색하였고,Adjective,1,1
어색한,Adjective,1,1
어색한,Adjective,2,1
어요,Noun,10,1
어우,Noun,1,1
어우러진,Verb,9,1
어울렸어요,Verb,8,1
어울리고,Verb,10,1
어울리네요,Verb,1,1
어울리네요,Verb,10,1
어울리지,Verb,9,1
어울린다,Verb,1,1
어울린다,Verb,9,1
어울림,Verb,8,1
어이,Noun,1,3
어이없고,Adjective,1,1
어이없는,Adjective,4,1
어이없어하던데,Adjective,1,1
어제,Noun,1,1
어지간히,Adjective,1,1
어지럽히는데,Verb,1,1
어쩔,Adverb,3,1
어찌나,Adverb,1,1
어퍼컷,Noun,10,1
어휴,Exclamation,1,5
억,Noun,1,1
억지,Noun,1,1
억지,Noun,2,1
억지로,Noun,1,2
언,Modifier,1,1
언,Modifier,9,1
언니,Noun,1,1
언니,Noun,10,3
언어,Noun,1,1
언제,Noun,6,1
얼,Noun,4,1
얼,Noun,9,2
얼,Noun,10,1
얼굴,Noun,1,2
얼굴,Noun,10,1
얼마,Noun,5,1
얼마나,Noun,1,1
얼마나,Noun,9,1
엄마,Noun,1,1
엄마,Noun,7,1
엄마,Noun,10,1
엄청,Adverb,1,5
엄청,Adverb,9,1
엄청,Adverb,10,2
엄청난,Adjective,10,1
업음,Verb,1,1
없,Adjective,10,1
없게,Adjective,1,1
없고,Adjective,1,13
없고,Adjective,2,1
없고,Adjective,6,1
없고,Adjective,10,1
없군,Adjective,10,1
없기는,Adjective,10,1
없나,Adjective,10,2
없네,Adjective,1,2
없네요,Adjective,10,1
없는,Adjective,1,7
없는,Adjective,2,3
없는,Adjective,3,3
없는,Adjective,5,1
없는,Adjective,8,1
없는,Adjective,10,5
없는데,Adjective,1,2
없는지,Adjective,1,1
없다,Adjective,1,9
없다,Adjective,3,1
없다,Adjective,4,2
없다,Adjective,5,1
없다,Adjective,7,1
없다,Adjective,10,5
없다고,Adjective,10,1
없다는거냐,Adjective,1,1
없다라고,Adjective,9,1
없더라,Adjective,5,1
없듯이,Adjective,1,1
없습니다,Adjective,1,1
없습니다,Adjective,10,1
없어,Adjective,10,1
없어서,Adjective,1,3
없어서,Adjective,10,3
없어요,Adjective,1,2
없어짐,Verb,1,1
없었고,Adjective,10,1
없었다,Adjective,10,3
없었던,Adjective,1,1
없었던,Adjective,10,2
없었습니다,Adjective,1,1
없었습니다,Adjective,10,1
없었어요,Adjective,1,1
없었음,Adjective,7,1
없을,Adjective,1,1
없을듯,Adjective,10,1
없음,Adjective,1,8
없음,Adjective,10,1
없이,Adverb,1,7
없이,Adverb,8,1
없이,Adverb,10,7
없지,Adjective,10,1
없지만,Adjective,1,3
없지만,Adjective,6,1
엇,VerbPrefix,1,1
엇,VerbPrefix,10,2
엇어,Noun,10,1
엉,Exclamation,1,8
엉,Exclamation,4,1
엉,Exclamation,8,1
엉덩이,Noun,2,1
엉망,Noun,1,6
엌,Noun,1,1
에,Josa,1,82
에,Josa,2,1
에,Josa,3,4
에,Josa,4,3
에,Josa,5,4
에,Josa,6,3
에,Josa,7,5
에,Josa,8,11
에,Josa,9,24
에,Josa,10,84
에게,Josa,1,2
에게,Josa,3,1
에게,Josa,9,1
에게,Josa,10,2
에게만,Josa,1,1
에나,Josa,1,1
에네르기,Noun,1,4
에는,Josa,1,6
에는,Josa,3,1
에는,Josa,4,1
에는,Josa,8,1
에는,Josa,10,3
에도,Josa,1,2
에도,Josa,10,5
에라도,Josa,1,1
에러,Noun,10,1
에만,Josa,1,2
에만,Josa,2,1
에만,Josa,10,1
에서,Josa,1,26
에서,Josa,4,1
에서,Josa,8,1
에서,Josa,9,12
에서,Josa,10,21
에서가,Josa,1,1
에서는,Josa,8,1
에서는,Josa,9,3
에서는,Josa,10,1
에서도,Josa,1,1
에서도,Josa,10,1
에서만큼은,Josa,10,1
에서부터,Josa,1,1
에서의,Josa,10,1
에선,Josa,1,1
에선,Josa,10,2
에스퍼맨,Noun,1,1
에요,Josa,1,4
에요,Josa,10,1
엑,Exclamation,10,1
엑스트라,Noun,1,1
엔,Josa,1,6
엔,Josa,8,2
엔,Josa,9,2
엔,Josa,10,4
엔딩,Noun,7,1
엔딩크레딧,Noun,1,1
엔터프라이즈,Noun,10,1
여,Josa,10,1
여,Modifier,1,4
여,Modifier,5,2
여,Modifier,8,5
여,Modifier,9,1
여,Modifier,10,7
여,Noun,9,1
여기,Noun,1,2
여기,Noun,10,1
여러,Noun,10,1
여러가지,Noun,9,1
여러분,Noun,1,1
여러분,Noun,10,4
여론조작,Noun,1,1
여배우,Noun,1,2
여배우,Noun,10,3
여서,Josa,1,1
여서,Josa,10,1
여성,Noun,1,1
여성,Noun,7,1
여성,Noun,8,2
여성,Noun,9,8
여성,Noun,10,16
여신,Noun,1,1
여신,Noun,9,1
여신,Noun,10,8
여야,Noun,1,1
여왕,Noun,10,1
여운,Noun,8,1
여운,Noun,10,3
여자,Noun,1,3
여자,Noun,4,1
여자,Noun,8,1
여자,Noun,9,3
여자,Noun,10,14
여자친구,Noun,10,1
여잔,Verb,10,1
여전히,Adjective,1,1
여전히,Adjective,5,1
여전히,Adjective,6,1
여전히,Adjective,8,1
여전히,Adjective,10,1
여주,Noun,1,13
여주,Noun,3,2
여주,Noun,5,1
여주,Noun,8,3
여주,Noun,10,9
여지,Noun,9,1
여친,Noun,1,3
여태,Noun,1,1
여태,Noun,9,1
여태,Noun,10,1
역,Noun,1,1
역,Noun,9,1
역,Noun,10,3
역경,Noun,1,1
역대,Noun,1,4
역대,Noun,6,1
역대,Noun,8,1
역대,Noun,10,2
역사,Noun,10,1
역사상,Noun,9,1
역습,Noun,10,5
역시,Noun,1,5
역시,Noun,9,1
역시,Noun,10,10
역작,Noun,10,1
역할,Noun,1,1
역활,Noun,9,1
엮,Noun,7,1
연,Modifier,1,2
연,Modifier,10,1
연,Noun,9,1
연결,Noun,8,1
연결,Noun,9,1
연관,Noun,1,1
연기,Noun,1,3
연기,Noun,7,1
연기,Noun,10,7
연기력,Noun,1,2
연기력,Noun,10,1
연상,Noun,10,1
연성,Noun,1,1
연속,Noun,9,1
연출,Noun,1,10
연출,Noun,4,1
연출,Noun,9,3
연출,Noun,10,2
열,Modifier,1,1
열,Noun,1,2
열,Noun,10,1
열광하는,Adjective,1,1
열어,Verb,10,1
열자,Noun,7,1
열자,Noun,10,1
엿,Noun,10,1
였,Verb,8,1
였고,Verb,1,1
였네,Verb,1,1
였네요,Verb,1,2
였는데,Verb,1,1
였는데,Verb,10,1
였다,Verb,1,4
였다,Verb,8,1
였다,Verb,10,6
였다고,Verb,10,1
였다니,Verb,1,1
였습니다,Verb,1,2
였습니다,Verb,10,3
였으면,Verb,1,1
였을텐데,Verb,1,1
였음,Verb,9,1
였음,Verb,10,1
영,Modifier,1,5
영,Modifier,7,1
영,Modifier,9,2
영,Modifier,10,5
영국군,Noun,1,1
영상,Noun,1,2
영상,Noun,4,1
영상,Noun,7,1
영상,Noun,10,4
영웅,Noun,1,1
영웅,Noun,7,1
영웅,Noun,8,1
영웅,Noun,9,1
영웅,Noun,10,6
영웅본색,Noun,9,1
영화,Noun,1,156
영화,Noun,2,3
영화,Noun,3,1
영화,Noun,4,3
영화,Noun,5,5
영화,Noun,6,2
영화,Noun,7,6
영화,Noun,8,12
영화,Noun,9,35
영화,Noun,10,106
영화관,Noun,1,10
영화관,Noun,10,4
영화로,Noun,1,1
영화로,Noun,6,1
영화로,Noun,10,4
영화사,Noun,10,1
영화인,Noun,9,1
영환,Noun,1,1
옆,Noun,1,1
예,Modifier,1,1
예,Modifier,10,1
예,Noun,8,1
예,Noun,10,1
예고,Noun,10,1
예고편,Noun,1,2
예고편,Noun,2,1
예고편,Noun,6,1
예고편,Noun,9,1
예고편,Noun,10,3
예매,Noun,10,2
예뻐,Adjective,8,1
예뻐,Adjective,10,1
예뻐요,Adjective,10,1
예뻣다,Noun,9,1
예뻤다,Adjective,7,1
예뻤습니다,Adjective,5,1
예쁘,Adjective,10,1
예쁘고,Adjective,8,1
예쁘고,Adjective,9,2
예쁘네요,Adjective,9,1
예쁘다,Adjective,8,2
예쁘다고,Adjective,1,1
예쁘다면,Adjective,10,1
예쁘지만,Adjective,1,1
예쁨,Adjective,8,2
예상,Noun,1,2
예상,Noun,10,1
예요,Josa,1,1
예요,Josa,10,1
옛날,Noun,10,1
오,Noun,9,1
오그,Noun,1,1
오그라든다,Verb,1,2
오그라들긴,Verb,10,1
오그라들어,Verb,7,1
오그라들어서,Verb,1,3
오글거려,Verb,1,1
오글거려서,Verb,1,1
오글거렸지만,Verb,10,1
오글거리,Verb,10,1
오글거리고,Verb,1,1
오글거리긴,Verb,10,1
오글거리는,Verb,4,1
오글거림,Verb,1,1
오글거림이,Verb,7,1
오글거림이,Verb,9,1
오글거립니다,Verb,1,1
오는,Modifier,1,1
오늘,Noun,1,1
오늘,Noun,8,3
오늘,Noun,9,1
오늘,Noun,10,7
오드,Noun,1,1
오락,Noun,7,1
오락,Noun,10,1
오래,Adverb,1,1
오래간만,Adverb,1,1
오랜,Modifier,1,3
오랜,Modifier,9,4
오랜,Modifier,10,6
오랜만,Adverb,1,1
오면,Verb,10,1
오버,Noun,1,1
오브,Noun,1,1
오브,Noun,9,1
오실,Verb,1,1
오줌,Noun,10,1
온,Noun,1,2
온,Noun,9,2
온,Noun,10,3
온다,Verb,1,1
올,Modifier,1,3
올,Modifier,10,2
올라갈,Verb,1,1
올랐던,Verb,10,1
올리고,Verb,10,1
올린거예요,Verb,1,1
올린건,Verb,10,1
올해,Noun,10,3
옳다,Adjective,1,1
옴,Noun,1,1
옴,Noun,10,1
옵,Noun,4,1
와,Josa,1,2
와,Josa,2,1
와,Josa,4,3
와,Josa,5,1
와,Josa,6,1
와,Josa,10,12
와,Verb,1,8
와,Verb,4,1
와,Verb,9,1
와,Verb,10,16
와같이,Verb,10,1
와는,Josa,9,1
와도,Josa,10,1
와서,Verb,1,1
와우,Noun,10,1
와의,Josa,7,1
와이프,Noun,1,1
와이프,Noun,10,1
완료,Noun,10,1
완벽,Noun,10,2
완벽하게,Adjective,8,1
완벽하진,Adjective,10,1
완벽한,Adjective,8,1
완벽한,Adjective,10,2
완벽했고,Adjective,10,1
완벽했다,Adjective,10,1
완성,Noun,9,1
완성,Noun,10,1
완잼,Noun,10,1
완전,Noun,1,6
완전,Noun,5,1
완전,Noun,9,1
완전,Noun,10,13
완젼,Noun,10,1
왓,Noun,1,1
왓다갓다,Noun,1,1
왓습니,Noun,1,1
왔는데,Verb,10,1
왔는데요,Verb,1,1
왔다,Verb,10,3
왔다던데,Verb,10,1
왔습니다,Verb,1,1
왔습니다,Verb,10,1
왔지만,Verb,10,1
왕,Suffix,8,1
왕국,Noun,10,1
왜,Noun,1,23
왜,Noun,4,1
왜,Noun,8,1
왜,Noun,9,1
왜,Noun,10,9
왜곡,Noun,10,1
왠,Modifier,7,1
왠만하면,Adjective,1,4
왠만해,Adjective,1,2
왠지,Adverb,10,1
왤케,Noun,10,1
외,Noun,1,2
외계인,Noun,10,1
외국,Noun,1,1
외모,Noun,1,1
왼쪽,Noun,9,1
요,Josa,1,8
요,Josa,5,1
요,Josa,8,4
요,Josa,9,1
요,Josa,10,21
요,Modifier,1,2
요,Modifier,10,3
요,Noun,8,1
요,Noun,10,3
요소,Noun,1,1
요소,Noun,6,1
요소,Noun,9,1
요소,Noun,10,2
요실금,Noun,1,2
요요,Noun,10,1
요즘,Noun,9,1
요한슨,Noun,10,1
욕,Noun,1,3
욕,Noun,10,2
용,Noun,1,3
용,Noun,6,1
용,Noun,10,1
용감하고,Adjective,10,1
용도,Noun,10,1
용이,Noun,1,2
용이,Noun,4,1
욬,Noun,8,1
우,Adverb,1,1
우,Adverb,10,2
우뢰매,Noun,1,5
우루루,Adverb,5,1
우리,Noun,9,1
우리,Noun,10,2
우리나라,Noun,1,1
우먼,Noun,10,6
우아하고,Adjective,9,1
우아하다,Adjective,9,1
우월,Noun,1,1
우주,Noun,10,1
운데,Verb,8,1
운오,Noun,10,1
울,Modifier,10,1
울,Noun,10,4
울었다,Verb,10,1
울컥,Adverb,10,1
울프,Noun,4,1
움,Noun,1,5
움,Noun,10,1
웃,Noun,10,1
웃기,Noun,1,1
웃기,Noun,6,1
웃기지마,Verb,10,1
웃긴,Verb,1,1
웃음,Noun,1,2
워,Noun,10,1
워낙,Noun,1,1
워낙,Noun,9,1
워너,Noun,10,1
워더,Noun,10,1
원,Modifier,9,2
원,Modifier,10,1
원,Noun,1,2
원,Noun,10,1
원더,Noun,1,1
원더,Noun,8,2
원더,Noun,10,4
원더우먼,Noun,1,20
원더우먼,Noun,2,1
원더우먼,Noun,3,1
원더우먼,Noun,4,4
원더우먼,Noun,5,1
원더우먼,Noun,7,2
원더우먼,Noun,8,16
원더우먼,Noun,9,21
원더우먼,Noun,10,113
원래,Noun,1,1
원래,Noun,9,1
원래,Noun,10,2
원작,Noun,1,1
원작,Noun,10,1
원했던,Adjective,1,1
월,Noun,1,1
웬,Noun,1,1
웬만하면,Adjective,1,2
웬만한,Adjective,1,1
웬만한,Adjective,10,1
위,Noun,1,5
위,Noun,10,5
위대하구나,Adjective,10,1
위대하다,Adjective,9,1
위엄,Noun,1,1
위주,Noun,10,1
위해,Noun,1,4
위해,Noun,7,1
위해,Noun,10,4
윈터,Noun,10,1
유,Noun,1,1
유,Noun,10,1
유니버스,Noun,10,2
유대인,Noun,1,1
유대인,Noun,9,1
유머,Noun,1,1
유연한,Adjective,10,1
유익할,Adjective,1,1
유익했습니다,Adjective,10,1
유치,Noun,1,6
유치,Noun,3,1
유치,Noun,5,1
유치,Noun,10,1
유치하,Adjective,1,1
유치하게,Adjective,1,2
유치하게,Adjective,4,1
유치하고,Adjective,1,11
유치하고,Adjective,2,1
유치하고,Adjective,7,1
유치하기,Adjective,1,2
유치하기,Adjective,2,1
유치하기,Adjective,4,1
유치하다,Adjective,1,2
유치하다,Adjective,9,1
유치하다고,Adjective,8,1
유치한,Adjective,1,5
유치한,Adjective,2,1
유치한,Adjective,3,1
유치한데,Adjective,10,1
유치한지,Adjective,1,1
유치함,Adjective,1,5
유치함내,Adjective,1,1
유치함의,Adjective,1,1
유치합니다,Adjective,1,2
유치해,Adjective,8,2
유치해서,Adjective,1,3
유치해서,Adjective,8,1
유치해지고,Adjective,1,1
유치해진다는,Adjective,5,1
유치했습니다,Adjective,1,1
유치했음,Adjective,1,2
유통,Noun,1,1
유투버,Noun,1,1
유행,Noun,1,1
율,Noun,1,1
으로,Josa,1,35
으로,Josa,4,1
으로,Josa,5,1
으로,Josa,6,2
으로,Josa,7,1
으로,Josa,8,3
으로,Josa,9,11
으로,Josa,10,23
으로가,Josa,10,1
으로는,Josa,7,1
으로는,Josa,9,1
으로도,Josa,7,1
으로도,Josa,10,1
으로만,Josa,9,1
으로서의,Josa,10,1
으로의,Josa,10,1
으론,Josa,10,1
으아아,Exclamation,1,1
으잉,Noun,10,1
은,Foreign,1,1
은,Josa,1,55
은,Josa,2,3
은,Josa,3,1
은,Josa,4,4
은,Josa,5,1
은,Josa,6,3
은,Josa,7,6
은,Josa,8,8
은,Josa,9,5
은,Josa,10,45
은,Noun,10,2
은근,Noun,1,1
은근,Noun,10,2
은장도,Noun,1,1
을,Foreign,1,1
을,Foreign,10,1
을,Josa,1,42
을,Josa,2,1
을,Josa,3,3
을,Josa,4,1
을,Josa,5,1
을,Josa,7,4
을,Josa,8,10
을,Josa,9,11
을,Josa,10,63
음,Noun,1,1
음악,Noun,1,1
음악,Noun,9,5
음악,Noun,10,7
음악상,Noun,10,1
음악처럼,Noun,10,1
음울하고,Adjective,10,1
읍니,Noun,8,1
응,Noun,1,1
응,Noun,9,1
의,Foreign,1,1
의,Josa,1,37
의,Josa,2,1
의,Josa,3,1
의,Josa,4,1
의,Josa,6,1
의,Josa,7,4
의,Josa,8,13
의,Josa,9,17
의,Josa,10,85
의,Noun,1,3
의,Noun,6,1
의,Noun,8,1
의,Noun,9,5
의,Noun,10,14
의견,Noun,10,1
의대,Noun,1,1
의도,Noun,1,1
의문,Noun,1,1
의미,Noun,1,1
의미,Noun,10,1
의심,Noun,1,2
의심,Noun,10,1
의적,Noun,10,1
이,Determiner,1,22
이,Determiner,2,1
이,Determiner,3,1
이,Determiner,5,3
이,Determiner,8,1
이,Determiner,9,2
이,Determiner,10,22
이,Foreign,1,1
이,Foreign,9,1
이,Josa,1,99
이,Josa,2,3
이,Josa,4,4
이,Josa,5,7
이,Josa,6,4
이,Josa,7,5
이,Josa,8,13
이,Josa,9,34
이,Josa,10,106
이,Noun,1,23
이,Noun,2,1
이,Noun,3,2
이,Noun,4,1
이,Noun,6,1
이,Noun,7,1
이,Noun,8,4
이,Noun,9,2
이,Noun,10,20
이,Suffix,1,3
이,Suffix,8,1
이,Suffix,10,1
이건,Noun,1,5
이건,Noun,9,1
이건,Noun,10,6
이고,Josa,1,6
이고,Josa,9,1
이고,Josa,10,6
이구만,Josa,10,1
이기,Noun,4,1
이기도,Josa,9,1
이기도,Josa,10,1
이길거,Verb,10,1
이나,Foreign,4,1
이나,Josa,1,4
이나,Josa,2,1
이나,Josa,10,1
이냐,Josa,1,3
이냐,Josa,10,1
이네,Josa,1,2
이네,Josa,8,1
이네,Josa,10,4
이다,Josa,1,9
이다,Josa,4,1
이다,Josa,8,3
이다,Josa,9,1
이다,Josa,10,16
이던,Josa,1,1
이딴,Modifier,1,3
이딴,Modifier,6,1
이라,Josa,1,3
이라,Josa,8,2
이라,Josa,9,1
이라,Josa,10,1
이라고,Josa,1,2
이라고,Josa,10,1
이라고는,Josa,1,1
이라고도,Josa,10,1
이라는,Foreign,1,1
이라는,Josa,1,4
이라는,Josa,8,1
이라는,Josa,10,2
이라는데,Verb,1,1
이라니,Josa,1,1
이라도,Josa,4,1
이라서,Josa,8,1
이라서,Josa,9,1
이란,Josa,1,4
이란,Josa,10,1
이랑,Josa,1,10
이랑,Josa,7,1
이랑,Josa,10,5
이래,Adjective,1,1
이래서,Josa,1,1
이래야지,Adjective,9,1
이래야하는데,Adjective,10,1
이랫던,Noun,1,1
이러냐,Verb,1,1
이러니깐,Verb,1,1
이런,Adjective,1,8
이런,Adjective,6,1
이런,Adjective,9,2
이런,Adjective,10,4
이런,Modifier,5,1
이런,Modifier,9,2
이런,Modifier,10,2
이런거,Adjective,10,1
이럴,Adjective,10,1
이럴수가,Adjective,1,1
이렇게,Adverb,1,12
이렇게,Adverb,4,1
이렇게,Adverb,5,1
이렇게,Adverb,9,2
이렇게,Adverb,10,12
이렇게만,Adjective,10,1
이롭다,Adjective,10,2
이뤄놓,Verb,10,1
이름,Noun,1,1
이름,Noun,9,1
이리,Adverb,1,1
이리,Adverb,10,1
이만,Noun,9,1
이만,Noun,10,1
이메일,Noun,10,1
이며,Josa,1,1
이면,Foreign,4,1
이면,Noun,5,1
이미,Adverb,1,2
이번,Noun,1,1
이번,Noun,10,4
이블,Noun,10,1
이뻐,Adjective,5,1
이뻐,Adjective,10,1
이뻐서,Adjective,1,1
이뻐서,Adjective,10,2
이뻐요,Adjective,1,1
이뻐요,Adjective,8,2
이뻐요,Adjective,9,1
이뻣,Noun,10,1
이뻤다,Adjective,1,1
이뻤다니,Adjective,10,1
이뻤어,Adjective,10,1
이뿌고,Adjective,8,1
이쁘게,Adjective,10,1
이쁘고,Adjective,1,2
이쁘고,Adjective,5,1
이쁘고,Adjective,9,1
이쁘고,Adjective,10,10
이쁘다,Adjective,10,1
이쁘더라고요,Adjective,1,1
이쁜,Adjective,1,1
이쁜거,Adjective,1,1
이쁨,Adjective,5,1
이쁨,Adjective,8,1
이쁨,Adjective,10,4
이쁨은,Adjective,1,1
이상,Noun,1,4
이상,Noun,3,1
이상,Noun,9,2
이상,Noun,10,4
이상은,Noun,10,1
이상하고,Adjective,1,1
이상하다,Adjective,1,1
이상함,Adjective,1,1
이세,Noun,1,1
이스라엘,Noun,1,1
이스라엘,Noun,10,1
이실,Josa,10,1
이야,Josa,1,1
이야,Josa,10,5
이야기,Noun,1,2
이야기,Noun,8,1
이어,Verb,8,1
이었고,Verb,10,2
이었다,Verb,1,2
이었다,Verb,2,1
이었다,Verb,9,1
이었다,Verb,10,2
이었다는것에,Verb,8,1
이었다면,Verb,1,1
이었습니다,Verb,9,1
이었으며,Verb,9,1
이었으면,Verb,5,1
이었음,Verb,1,2
이에요,Josa,1,1
이에요,Josa,8,1
이여,Josa,10,1
이였으,Verb,10,1
이영화,Noun,1,1
이영화,Noun,5,1
이영화,Noun,10,4
이예,Noun,9,1
이왕,Adverb,1,1
이외,Noun,3,1
이외,Noun,4,1
이요,Noun,9,1
이용,Noun,1,1
이유,Noun,1,4
이유,Noun,3,1
이유,Noun,10,4
이을,Verb,10,1
이을만한,Verb,1,1
이재,Noun,10,1
이정,Noun,9,1
이제,Noun,1,1
이제,Noun,9,2
이제,Noun,10,7
이제껏,Noun,10,1
이제야,Noun,9,1
이제야,Noun,10,2
이지,Josa,1,2
이지,Josa,4,1
이지,Josa,10,1
이지만,Josa,1,2
이지만,Josa,9,3
이지만,Josa,10,1
이진,Noun,9,1
이탈,Noun,1,1
이펙,Noun,1,1
이하,Noun,1,1
이하,Noun,3,1
이하나,Noun,1,1
이하임,Noun,1,1
이해,Noun,1,6
이해,Noun,8,1
이해,Noun,9,1
이후,Noun,1,3
이후,Noun,2,1
이후,Noun,7,1
이후,Noun,9,1
이후,Noun,10,6
익숙하다면,Adjective,1,1
익숙한,Adjective,4,1
익숙했던,Adjective,9,1
인,Josa,1,11
인,Josa,4,2
인,Josa,8,1
인,Josa,9,2
인,Josa,10,18
인,Noun,1,2
인,Noun,9,1
인,Noun,10,1
인,Suffix,1,1
인가,Josa,1,6
인가,Josa,9,1
인가,Josa,10,1
인간,Noun,1,4
인간,Noun,5,1
인간,Noun,10,3
인거,Josa,1,3
인거,Josa,2,1
인거,Josa,10,2
인건,Verb,10,1
인공호흡,Noun,9,1
인데,Foreign,10,1
인데,Josa,1,9
인데,Josa,4,1
인데,Josa,5,1
인데,Josa,7,1
인데,Josa,8,1
인데,Josa,9,2
인데,Josa,10,5
인물,Noun,1,2
인상,Noun,4,1
인생,Noun,1,5
인생,Noun,7,1
인생,Noun,8,1
인생,Noun,10,3
인원,Noun,2,1
인정,Noun,1,1
인정,Noun,10,3
인종,Noun,1,1
인줄,Verb,1,1
인증,Noun,10,1
인지,Josa,1,6
인지,Josa,7,1
인지,Josa,10,4
인지,Noun,1,1
인지,Noun,7,1
인지,Noun,10,1
인해,Adjective,10,1
인했는데,Adjective,1,1
일,Modifier,10,2
일,Noun,8,2
일,Noun,9,1
일,Noun,10,3
일까,Verb,6,1
일도,Noun,1,1
일듯,Verb,10,1
일리,Noun,5,1
일반,Noun,9,1
일반인,Noun,1,1
일반인,Noun,4,1
일베,Noun,10,1
일본,Noun,10,1
일어나서,Noun,5,1
일어날란다,Verb,1,1
일으켜세우네요,Verb,9,1
일으킨다,Verb,3,1
잃을,Verb,1,1
임,Noun,1,9
임,Noun,10,8
임수연,Noun,1,1
임펙트,Noun,1,1
입,Noun,10,2
입고,Verb,1,1
입고,Verb,2,1
입니다,Adjective,1,12
입니다,Adjective,5,1
입니다,Adjective,7,1
입니다,Adjective,9,2
입니다,Adjective,10,13
입부,Noun,1,1
입장,Noun,9,1
잇냐,Verb,1,1
잇다고,Verb,1,1
잇어,Verb,10,1
잇어요,Verb,10,1
있게,Adjective,1,1
있고,Adjective,1,2
있고,Adjective,9,2
있고,Adjective,10,3
있구나,Adjective,5,1
있구만,Adjective,10,1
있기,Adjective,8,1
있긴,Adjective,1,1
있긴한데,Adjective,8,1
있나,Adjective,1,1
있네,Adjective,6,1
있네,Adjective,10,1
있네요,Adjective,9,1
있는,Adjective,1,1
있는,Adjective,7,1
있는,Adjective,9,2
있는,Adjective,10,4
있는거니,Adjective,1,1
있는거처럼,Adjective,1,1
있는것처럼,Adjective,1,1
있는듯,Adjective,1,1
있는줄,Adjective,9,1
있는지,Adjective,1,3
있는지도,Adjective,1,1
있다,Adjective,1,2
있다,Adjective,9,1
있다,Adjective,10,2
있다고,Adjective,10,1
있다는걸,Adjective,10,1
있다는것도,Adjective,1,1
있다면,Adjective,9,1
있단,Adjective,10,1
있습니다,Adjective,10,2
있어,Adjective,1,2
있어,Adjective,10,1
있어서,Adjective,1,2
있어서,Adjective,10,1
있어야,Adjective,1,1
있었나,Adjective,1,1
있었네요,Adjective,6,1
있었는데,Adjective,8,1
있었는데,Adjective,10,2
있었다,Adjective,7,1
있었다면,Adjective,9,1
있었던,Adjective,10,1
있었습니다,Adjective,10,1
있었지만,Adjective,1,1
있었지만,Adjective,8,1
있었지만,Adjective,9,1
있으시면,Adjective,1,1
있을것,Adjective,10,1
있음,Adjective,1,1
있음,Adjective,9,2
있이게,Adjective,10,1
있지,Adjective,1,1
있지만,Adjective,4,1
있지만,Adjective,8,1
있지만,Adjective,10,2
잊을,Verb,10,1
자,Noun,1,1
자,Noun,10,1
자,Suffix,1,2
자,Suffix,10,1
자고,Noun,1,2
자고,Noun,5,1
자기,Noun,1,1
자꾸,Noun,1,2
자녀,Noun,1,1
자다가,Verb,1,1
자리,Noun,8,1
자리,Noun,9,1
자리,Noun,10,1
자막,Noun,9,2
자살,Noun,10,1
자신,Noun,10,1
자연,Noun,6,1
자연스러웠고,Adjective,10,1
자중,Noun,1,1
자체,Noun,1,4
자체,Noun,9,1
자체,Noun,10,5
자해,Noun,10,1
작,Modifier,1,3
작,Modifier,9,1
작,Noun,7,1
작,Noun,10,3
작고,Noun,1,1
작살,Noun,10,1
작업,Noun,1,1
작업,Noun,10,1
작위,Noun,6,1
작작,Noun,6,1
작전,Noun,1,1
작품,Noun,1,3
작품,Noun,4,1
작품,Noun,9,1
작품,Noun,10,6
잔,Noun,1,4
잔거,Verb,1,2
잔득,Noun,1,1
잔뜩,Noun,10,1
잔인한,Adjective,8,1
잘,Verb,1,8
잘,Verb,7,1
잘,Verb,8,2
잘,Verb,9,5
잘,Verb,10,20
잘,VerbPrefix,1,5
잘,VerbPrefix,8,3
잘,VerbPrefix,9,1
잘,VerbPrefix,10,11
잘가다가,Verb,1,1
잘나왔다고,Verb,5,1
잘라고,Verb,1,1
잘만,Noun,1,1
잘만,Noun,6,1
잘만,Noun,10,3
잘뽑았어,Verb,9,1
잘생겼는데,Adjective,1,1
잘생기고안이어져서,Adjective,10,1
잘생김,Adjective,10,1
잘잘,Verb,10,1
잠,Noun,1,11
잠깐,Noun,5,1
잠드는,Verb,10,1
잠듦,Verb,1,2
잠듬,Noun,1,1
잠안,Verb,1,1
잠옴,Noun,1,1
잠자다,Verb,1,1
잠잘,Verb,1,1
잡,Noun,1,1
잡고,Noun,1,1
잡고,Noun,10,2
잡다,Verb,1,1
잡아,Verb,10,1
잡아줘서,Verb,10,1
잡은,Verb,8,1
잡은거,Verb,10,1
잡음,Noun,10,1
잤고,Verb,1,1
잤다,Verb,1,2
장,Noun,1,1
장,Suffix,1,1
장가,Noun,10,1
장난,Noun,1,2
장난,Noun,10,3
장남,Noun,1,1
장르,Noun,1,2
장르,Noun,9,1
장르,Noun,10,1
장면,Noun,1,4
장면,Noun,6,1
장면,Noun,8,2
장면,Noun,9,3
장면,Noun,10,9
장애,Noun,9,1
장엄함,Adjective,9,1
장점,Noun,3,1
재,Noun,2,1
재,Noun,9,1
재딸,Noun,9,1
재료,Noun,1,1
재미,Noun,1,13
재미,Noun,6,1
재미,Noun,7,1
재미,Noun,9,4
재미,Noun,10,8
재미없,Adjective,1,2
재미없고,Adjective,1,3
재미없나,Adjective,1,1
재미없네,Adjective,1,1
재미없네요,Adjective,1,1
재미없는,Adjective,1,3
재미없는데,Adjective,1,1
재미없다,Adjective,1,1
재미없다고,Adjective,9,1
재미없다는,Adjective,10,1
재미없더라,Adjective,1,1
재미없어,Adjective,1,1
재미없어도,Adjective,1,2
재미없어서,Adjective,1,3
재미없어서,Adjective,10,1
재미없어요,Adjective,1,2
재미없었다,Adjective,1,3
재미없었다여,Adjective,1,1
재미없었던,Adjective,1,1
재미없었습니다,Adjective,1,1
재미없으니,Adjective,1,2
재미없으면,Adjective,10,2
재미없음,Adjective,1,6
재미있,Adjective,10,1
재미있게,Adjective,7,1
재미있게,Adjective,8,1
재미있게,Adjective,9,1
재미있게,Adjective,10,5
재미있고,Adjective,10,1
재미있네요,Adjective,8,1
재미있네요,Adjective,10,1
재미있는,Adjective,8,1
재미있는데,Adjective,3,1
재미있는지,Adjective,1,1
재미있다,Adjective,10,3
재미있다는거,Adjective,9,1
재미있습니다,Adjective,8,1
재미있습니다,Adjective,9,1
재미있습니다,Adjective,10,2
재미있어요,Adjective,1,1
재미있어요,Adjective,10,2
재미있었다,Adjective,8,1
재미있었습니다,Adjective,10,3
재미있었을듯,Adjective,9,1
재미있었음,Adjective,1,1
재미있었음,Adjective,10,2
재미있었지만,Adjective,1,1
재미있음,Adjective,10,1
재밋,Noun,1,1
재밋,Noun,8,1
재밋,Noun,10,2
재밋네,Noun,10,2
재밋다,Noun,1,1
재밋당,Noun,10,1
재밋습니,Noun,10,1
재밋어,Noun,10,2
재밋엇다,Noun,10,1
재밋엇아,Noun,8,1
재밋었어,Noun,10,1
재밋었음,Noun,9,1
재밌,Adjective,8,1
재밌게,Adjective,1,1
재밌게,Adjective,8,2
재밌게,Adjective,9,6
재밌게,Adjective,10,10
재밌게잘,Adjective,10,2
재밌겠다,Adjective,1,1
재밌고,Adjective,1,1
재밌고,Adjective,10,4
재밌냐,Adjective,10,1
재밌네,Adjective,10,1
재밌네요,Adjective,9,3
재밌네요,Adjective,10,5
재밌넹,Noun,10,1
재밌는,Adjective,9,1
재밌는,Adjective,10,3
재밌는건,Adjective,1,1
재밌는데,Adjective,1,1
재밌다,Adjective,8,1
재밌다,Adjective,9,1
재밌다,Adjective,10,6
재밌다가,Adjective,2,1
재밌다가,Adjective,10,1
재밌다고,Adjective,1,4
재밌다고,Adjective,2,1
재밌다고,Adjective,10,1
재밌다는지,Adjective,1,1
재밌다던데,Adjective,1,1
재밌단,Adjective,6,1
재밌더라,Adjective,9,1
재밌데,Adjective,1,1
재밌습니다,Adjective,7,1
재밌습니다,Adjective,10,4
재밌어,Adjective,10,1
재밌어요,Adjective,8,1
재밌어요,Adjective,9,1
재밌어요,Adjective,10,4
재밌었다,Adjective,10,2
재밌었습니다,Adjective,8,1
재밌었습니다,Adjective,10,1
재밌었어요,Adjective,10,2
재밌었음,Adjective,10,1
재밌었지만,Adjective,1,1
재밌음,Adjective,1,1
재밌음,Adjective,8,1
재밌음,Adjective,9,1
재밌음,Adjective,10,3
재밌지,Adjective,1,1
재빨리,Adverb,1,1
재앙,Noun,1,1
재탄생,Noun,10,1
잭,Noun,10,3
잼,Noun,1,2
잼,Noun,10,1
잼나게,Verb,8,1
잼나게,Verb,10,2
잼나는디,Verb,10,1
잼나다,Verb,10,1
잼나다하고,Verb,10,1
잼밌네,Noun,10,1
잼이가,Verb,1,1
잼이네요,Verb,10,1
잼이었음,Verb,10,1
잼있게,Verb,10,3
잼있고,Verb,10,1
잼있다,Verb,10,1
잼있어요,Verb,10,1
잼있었음,Verb,10,1
잼있음,Verb,10,1
잼잼잼,Noun,10,1
쟁이,Suffix,1,1
저,Determiner,10,1
저,Noun,1,4
저,Noun,5,2
저,Noun,8,1
저,Noun,9,1
저,Noun,10,3
저격수,Noun,1,1
저기,Noun,1,1
저런,Modifier,1,1
저런,Modifier,10,1
저럴까,Verb,10,1
저리,Noun,10,1
저스티스,Noun,1,2
저스티스,Noun,8,2
저스티스,Noun,10,8
저스티스리그,Noun,1,2
저스티스리그,Noun,7,1
저스티스리그,Noun,9,2
저스티스리그,Noun,10,7
저학년,Noun,1,1
저학년,Noun,8,1
저항,Noun,10,1
적,Noun,10,2
적,Suffix,1,14
적,Suffix,4,3
적,Suffix,5,1
적,Suffix,6,2
적,Suffix,7,1
적,Suffix,8,5
적,Suffix,9,6
적,Suffix,10,24
적당하다고,Adjective,1,1
적당한,Adjective,10,1
적당히,Adjective,1,1
적당히,Adjective,10,1
적이네요,Verb,10,1
적이면,Verb,10,1
적잖아,Verb,1,1
적재적소,Noun,4,1
적재적소,Noun,10,1
적절하게,Adjective,10,1
적절한,Adjective,10,2
적지,Noun,9,1
적탄,Noun,10,1
적폐,Noun,10,1
전,Foreign,1,1
전,Modifier,1,4
전,Modifier,9,2
전,Modifier,10,2
전,Noun,1,3
전,Noun,2,1
전,Noun,4,1
전,Noun,7,1
전,Noun,10,6
전개,Noun,1,5
전개,Noun,2,1
전개,Noun,3,1
전개,Noun,4,1
전개,Noun,6,1
전개,Noun,8,2
전개,Noun,10,1
전개도,Noun,9,1
전개도,Noun,10,1
전기,Noun,1,1
전날,Noun,10,1
전대,Noun,1,1
전대물,Noun,1,1
전락,Noun,1,1
전반,Noun,1,2
전반,Noun,9,1
전반,Noun,10,1
전부,Noun,1,4
전부,Noun,2,1
전사,Noun,1,2
전사,Noun,10,1
전설,Noun,10,1
전세계,Noun,10,1
전시,Noun,1,1
전에,Foreign,10,1
전율,Noun,6,1
전율,Noun,10,1
전작,Noun,1,1
전작,Noun,10,1
전장,Noun,7,1
전장,Noun,10,2
전쟁,Noun,1,7
전쟁,Noun,2,1
전쟁,Noun,5,1
전쟁,Noun,8,1
전쟁,Noun,9,2
전쟁,Noun,10,2
전쟁영화,Noun,1,1
전적,Noun,9,1
전적,Noun,10,1
전체,Noun,1,2
전체,Noun,6,1
전체,Noun,10,2
전투,Noun,1,1
전투,Noun,9,2
전투,Noun,10,2
전투씬,Noun,1,4
전투씬,Noun,2,1
전투씬,Noun,7,1
전혀,Noun,1,1
전형,Noun,4,1
전형,Noun,9,1
전형,Noun,10,1
절대,Noun,1,9
절대,Noun,3,1
절대,Noun,10,1
절때,Noun,1,1
절하,Noun,1,1
점,Noun,1,44
점,Noun,3,1
점,Noun,5,1
점,Noun,7,1
점,Noun,8,2
점,Noun,9,2
점,Noun,10,19
점도,Noun,1,7
점수,Noun,1,3
점수,Noun,8,1
점수,Noun,10,4
점임,Noun,10,1
점잔,Noun,1,1
점점,Noun,1,1
점점,Noun,8,1
점주,Noun,1,4
점주,Noun,10,1
점준,Noun,1,1
점줌,Noun,1,1
점줌,Noun,10,1
접,Noun,1,1
접,Noun,10,2
접하다,Verb,1,1
접하지,Verb,10,1
정,Noun,1,1
정도,Noun,1,12
정도,Noun,3,1
정도,Noun,5,1
정도,Noun,7,1
정도,Noun,8,2
정도,Noun,9,1
정도,Noun,10,11
정리,Noun,1,1
정리,Noun,10,1
정말,Exclamation,9,4
정말,Noun,1,26
정말,Noun,8,5
정말,Noun,9,4
정말,Noun,10,27
정말로,Adverb,1,1
정말로,Adverb,9,1
정보,Noun,10,1
정선,Noun,1,1
정신,Noun,1,2
정신,Noun,10,2
정신병,Noun,1,1
정신차렸네,Adjective,10,2
정신차렸다,Adjective,10,1
정신차린거,Adjective,10,1
정의,Noun,1,3
정의,Noun,10,1
정의감,Noun,10,1
정작,Noun,1,1
정점,Noun,1,1
정점,Noun,10,1
정채,Noun,10,1
정통,Noun,9,1
정통,Noun,10,1
정화,Noun,10,1
정확히,Adjective,1,1
제,Modifier,1,2
제,Modifier,10,1
제,Noun,5,1
제,Noun,7,1
제,Noun,9,1
제대,Noun,10,1
제대로,Noun,1,5
제대로,Noun,7,1
제대로,Noun,8,1
제대로,Noun,9,1
제대로,Noun,10,5
제데로,Adverb,10,1
제로,Noun,1,3
제발,Noun,1,2
제발,Noun,5,1
제발,Noun,10,3
제시,Noun,9,1
제시,Noun,10,1
제외,Noun,1,2
제외,Noun,9,1
제우스,Noun,8,1
제일,Noun,1,7
제일,Noun,5,1
제일,Noun,7,1
제일,Noun,8,1
제일,Noun,9,2
제일,Noun,10,6
제작,Noun,1,1
제작비,Noun,1,1
제작비,Noun,10,1
제한,Noun,10,1
젤,Noun,10,1
져,Verb,1,2
져,Verb,9,1
져인줄,Verb,3,1
조,Modifier,1,1
조,Modifier,10,2
조,Noun,10,1
조금,Noun,8,2
조금,Noun,9,2
조금,Noun,10,3
조연,Noun,1,5
조연,Noun,10,1
조용,Adjective,10,1
조의,Noun,10,1
조작,Noun,1,2
조작,Noun,2,1
조작,Noun,10,1
조절,Noun,1,1
조정,Noun,1,1
조조,Noun,10,1
조차,Josa,1,3
조합,Noun,1,1
조화,Noun,10,1
존,Noun,7,1
존,Noun,10,1
존거,Adjective,1,1
존나,Noun,1,4
존나,Noun,7,1
존나,Noun,10,4
존멋,Noun,8,1
존멋,Noun,10,1
존멋임,Noun,10,1
존예,Noun,9,1
존예,Noun,10,2
존잘,Noun,8,1
존재,Noun,1,1
존재,Noun,10,1
존잼,Noun,10,2
졸,Noun,1,2
졸,Noun,10,1
졸라,Noun,1,1
졸라,Noun,10,2
졸려서,Verb,1,1
졸리,Noun,2,1
졸리,Noun,10,1
졸리지가,Verb,10,1
졸림,Noun,1,2
졸뻔,Noun,7,1
졸아,Verb,1,1
졸앗던,Verb,5,1
졸았음,Verb,1,2
졸업,Noun,1,1
졸음,Noun,4,1
졸잼,Noun,10,4
좀,Noun,1,4
좀,Noun,6,2
좀,Noun,7,2
좀,Noun,8,2
좀,Noun,9,4
좀,Noun,10,8
좀더,Noun,10,1
종,Noun,1,1
종반,Noun,1,1
종반,Noun,7,1
종탑,Noun,1,1
종합,Noun,10,1
좋게,Adjective,1,2
좋겟네요,Adjective,10,1
좋겟다,Adjective,10,1
좋겠다,Adjective,1,1
좋겠습니다,Adjective,10,1
좋고,Adjective,1,1
좋고,Adjective,9,1
좋고,Adjective,10,7
좋고요,Adjective,10,1
좋길래,Adjective,1,1
좋길래,Adjective,10,1
좋네,Adjective,1,1
좋다,Adjective,10,5
좋다는게,Adjective,1,1
좋다만,Adjective,10,1
좋습니다,Adjective,10,1
좋아서,Adjective,1,1
좋아서,Adjective,10,1
좋아요,Adjective,10,3
좋아지는,Verb,10,1
좋아하는,Adjective,1,3
좋아하는,Adjective,10,1
좋아하는데,Adjective,1,1
좋아하는지,Adjective,8,1
좋아하시는,Adjective,10,1
좋아하지만,Adjective,10,3
좋아할듯,Adjective,1,1
좋아할만,Adjective,1,1
좋아할수밖에,Adjective,10,1
좋아합니다,Adjective,10,1
좋아해서,Adjective,9,1
좋아했는데,Adjective,10,1
좋앗다,Adjective,10,1
좋앗어요,Adjective,10,1
좋았겠지만,Adjective,9,1
좋았고,Adjective,1,1
좋았고,Adjective,10,1
좋았네요,Adjective,10,1
좋았는지,Adjective,10,1
좋았다,Adjective,7,1
좋았다,Adjective,10,2
좋았던,Adjective,2,1
좋았던거,Adjective,10,1
좋았던건,Adjective,1,1
좋았습니다,Adjective,1,1
좋았습니다,Adjective,10,2
좋았어요,Adjective,8,1
좋았어요,Adjective,9,2
좋았어요,Adjective,10,2
좋았을,Adjective,10,1
좋았음,Adjective,8,1
좋았음,Adjective,9,2
좋았음,Adjective,10,2
좋았잖아,Adjective,10,1
좋으면,Adjective,4,1
좋은,Adjective,1,6
좋은,Adjective,9,2
좋은,Adjective,10,2
좋은지,Adjective,1,1
좋은지,Adjective,4,1
좋을,Adjective,1,1
좋을,Adjective,10,1
좋을것,Adjective,10,1
좋음,Adjective,1,1
좋음,Adjective,9,1
좋지,Adjective,1,2
죠,Josa,8,1
죠,Josa,10,2
주,Modifier,1,4
주,Modifier,8,1
주,Noun,1,3
주가,Noun,8,1
주가,Noun,10,1
주고,Verb,1,5
주고,Verb,10,5
주고받는,Verb,1,1
주기도,Noun,1,2
주냐,Verb,1,1
주냐,Verb,10,1
주는,Verb,1,2
주는,Verb,10,3
주는거,Verb,1,1
주는듯,Verb,8,1
주도,Noun,10,1
주려하고,Verb,1,1
주말,Noun,2,1
주먹,Noun,1,1
주무시더라,Verb,1,1
주셨네요,Verb,8,1
주연,Noun,1,1
주연,Noun,10,1
주워와,Verb,1,1
주윤발,Noun,9,1
주의,Noun,3,1
주의자,Noun,1,2
주인공,Noun,1,10
주인공,Noun,5,3
주인공,Noun,8,5
주인공,Noun,9,6
주인공,Noun,10,12
주장,Noun,1,1
주제,Noun,9,1
주제가,Noun,10,1
주제곡,Noun,3,1
죽,Noun,1,1
죽,Noun,9,1
죽,Noun,10,2
죽겟다,Verb,1,1
죽기,Verb,10,1
죽는거,Verb,1,1
죽는줄,Verb,1,4
죽는줄,Verb,2,1
죽어가던,Verb,9,1
죽어나,Verb,1,1
죽어도,Verb,1,1
죽여,Verb,1,1
죽여야,Verb,10,1
죽으면,Verb,1,1
죽이고싶네,Verb,1,1
죽이는,Verb,1,2
죽인당,Verb,9,1
죽일,Verb,10,1
죽일까,Verb,1,1
준,Noun,3,1
준,Noun,9,2
준,Noun,10,2
준거아니다,Verb,10,1
준건,Verb,5,1
준다,Verb,1,3
준다,Verb,8,1
준다,Verb,10,3
준듯,Verb,10,1
준비,Noun,1,2
준애,Noun,10,1
준영,Noun,1,1
준영,Noun,10,1
줄,Noun,1,6
줄,Noun,5,1
줄,Noun,8,1
줄,Noun,9,2
줄,Noun,10,7
줄거리,Noun,1,2
줄꺼,Verb,1,1
줄때,Noun,10,1
줄랫는데,Noun,10,1
줌,Noun,1,1
줍니다,Verb,1,6
줍니다,Verb,10,1
중,Noun,1,12
중,Noun,7,1
중,Noun,8,2
중,Noun,9,3
중,Noun,10,6
중,Suffix,1,10
중,Suffix,5,1
중,Suffix,7,1
중,Suffix,8,3
중,Suffix,9,3
중,Suffix,10,18
중간,Noun,1,15
중간,Noun,4,1
중간,Noun,8,1
중간,Noun,10,6
중반,Noun,1,5
중반,Noun,2,1
중반,Noun,7,2
중반,Noun,8,1
중반,Noun,9,1
중반,Noun,10,3
중요하다라는,Adjective,1,1
중요한건,Adjective,1,1
중학,Noun,1,1
중후,Noun,3,1
줘도,Verb,10,1
줘라,Verb,10,1
줫,Noun,1,1
줬기에,Verb,1,1
줬다,Verb,10,1
줬으니까,Verb,10,1
쥡니다,Verb,1,1
즐거운,Adjective,10,1
즐거웠다,Adjective,7,1
즐거웠던,Adjective,8,1
즐겨,Verb,10,1
즐긴,Verb,10,1
지,Josa,1,7
지,Josa,9,1
지,Josa,10,3
지,Modifier,1,5
지,Modifier,9,1
지,Modifier,10,2
지,Verb,10,1
지경,Noun,1,1
지금,Noun,1,4
지금,Noun,9,2
지금,Noun,10,6
지나감,Verb,9,1
지나야,Verb,1,1
지났는데,Verb,1,1
지네,Noun,1,1
지는,Josa,1,2
지능,Noun,1,1
지도,Noun,9,1
지려,Verb,1,1
지렷다,Verb,10,1
지렸다,Verb,7,1
지렸다,Verb,10,1
지렸다가,Verb,9,1
지렸다가,Verb,10,1
지렿다,Noun,10,1
지렿다고,Noun,10,1
지루,Noun,1,1
지루,Noun,6,1
지루하고,Adjective,1,7
지루하기까지,Adjective,1,1
지루하다가,Adjective,1,1
지루하다고,Adjective,9,1
지루하다는,Adjective,8,1
지루하다못해,Adjective,1,1
지루하지,Adjective,9,2
지루하지,Adjective,10,2
지루한,Adjective,1,7
지루한,Adjective,6,1
지루한,Adjective,7,1
지루한,Adjective,8,1
지루한데,Adjective,1,1
지루할,Adjective,8,1
지루할,Adjective,10,2
지루할수있지만,Adjective,10,1
지루함,Noun,1,7
지루함,Noun,3,1
지루함,Noun,10,1
지루합니다,Adjective,1,5
지루해,Adjective,1,1
지루해서,Adjective,1,1
지루해서,Adjective,7,1
지루했고,Adjective,5,1
지루했네요,Adjective,1,1
지루했다,Adjective,1,1
지루했다,Adjective,6,1
지루했던,Adjective,1,1
지루했어요,Adjective,1,1
지루했어요,Adjective,5,1
지루했음,Adjective,1,1
지를마라,Verb,1,1
지리,Noun,1,1
지리,Noun,10,2
지리고지,Verb,10,1
지리긴,Verb,1,1
지리네요,Verb,8,1
지리는데,Verb,9,1
지리는데,Verb,10,1
지리시면,Verb,5,1
지리하다,Adjective,1,1
지린,Verb,1,1
지린다는,Verb,1,2
지린다는거냐,Verb,1,2
지릴,Verb,1,1
지림,Verb,10,4
지립니다,Verb,10,1
지만,Josa,1,3
지만,Josa,4,1
지만,Josa,9,2
지만,Josa,10,3
지며,Verb,1,1
지모,Noun,7,1
지불,Noun,1,1
지속,Noun,1,1
지수,Noun,10,1
지스토리,Noun,1,1
지옥,Noun,1,1
지장,Noun,5,1
지젤,Noun,10,2
지지,Noun,1,2
지킨다고,Verb,1,1
지킨다는,Verb,9,1
지킬거라,Verb,1,1
지향,Noun,10,1
직접,Noun,1,1
직접,Noun,5,1
직접,Noun,8,1
진땀,Noun,7,1
진부하고,Adjective,1,2
진부하고,Adjective,2,1
진부한,Adjective,1,1
진부한게,Adjective,1,1
진부함,Adjective,1,1
진부함,Adjective,10,1
진실,Noun,1,1
진심,Noun,1,8
진심,Noun,7,1
진심,Noun,10,10
진자,Noun,1,1
진작,Noun,10,3
진정,Noun,6,1
진정한,Adjective,9,1
진정한,Adjective,10,4
진지,Noun,1,1
진지하게,Adjective,1,1
진짜,Noun,1,52
진짜,Noun,2,1
진짜,Noun,5,2
진짜,Noun,8,3
진짜,Noun,9,7
진짜,Noun,10,48
진차볼,Noun,10,1
진창,Noun,1,1
진한,Adjective,10,1
진행,Noun,1,3
질,Noun,1,3
질,Noun,10,1
질러,Verb,10,1
질서,Noun,1,1
질질,Noun,1,4
짊어,Noun,1,1
짐,Noun,1,2
짐,Noun,8,1
짐머,Noun,10,1
짐작,Noun,1,1
집,Noun,1,3
집,Noun,10,2
집가는,Verb,1,1
집니다,Verb,10,1
집사람,Noun,10,2
집안,Noun,9,1
집중,Noun,1,1
집중,Noun,10,1
짓다,Verb,10,1
짚어,Verb,9,1
짜,Verb,1,2
짜디,Verb,1,1
짜리,Verb,1,5
짜리,Verb,10,1
짜리가,Foreign,1,1
짜임새,Noun,10,2
짜입니다다요,Verb,10,1
짜증,Noun,1,1
짜증나,Adjective,1,1
짜증나게,Adjective,10,1
짜증나는,Adjective,1,2
짜증나던데,Adjective,1,1
짜증나요,Adjective,1,1
짝,Noun,1,1
짝,Noun,2,1
짝,Noun,4,1
짠,Verb,1,1
짤,Noun,10,1
짧기에,Adjective,9,1
짧습니다,Adjective,1,1
짱,Modifier,9,2
짱,Modifier,10,1
짱,Noun,1,1
짱,Noun,8,1
짱,Noun,9,1
짱,Noun,10,5
짱,Suffix,9,1
짱,Suffix,10,4
짱,VerbPrefix,10,2
짱짱,Noun,9,1
짱짱걸,Noun,10,1
쩌,Noun,1,1
쩌네,Noun,10,1
쩌럿어,Noun,10,1
쩌리,Noun,1,2
쩐다,Noun,10,2
쩔고,Verb,10,1
쩔어요,Noun,10,1
쩔었고,Verb,10,1
쪼개서,Verb,1,1
쪽,Noun,1,1
쫌,Noun,10,1
쭈욱,Noun,1,1
쭉,Noun,9,1
쯤,Suffix,10,1
쯧,Exclamation,10,1
쯧쯧,Exclamation,10,1
찌,Noun,10,1
찌리,Noun,10,1
찍기,Noun,1,1
찍은거,Verb,1,1
찔끔,Adverb,10,1
찡했음,Adjective,10,1
차각,Noun,10,1
차대,Verb,1,1
차라리,Noun,1,6
차렸네,Verb,1,1
차렸네,Verb,10,1
차렸다,Verb,1,1
차별,Noun,1,2
차이,Noun,1,2
차이,Noun,10,1
차이나네요,Verb,1,1
차이날수가,Verb,1,1
착각,Noun,1,1
착각,Noun,10,1
착하고,Adjective,10,1
찬란,Noun,1,1
찬란한,Adjective,1,1
찬란함과,Adjective,3,1
찬사,Noun,3,1
찬양,Noun,1,1
참,Verb,1,2
참,Verb,10,3
참고,Noun,1,2
참사,Noun,10,1
참상,Noun,10,1
참았음,Verb,1,1
참을,Verb,3,1
창세기,Noun,1,1
창조,Noun,1,1
창피했음,Adjective,1,1
찾노,Verb,1,1
찾아보니,Verb,10,1
찾아볼,Verb,3,1
찾아볼수,Verb,1,1
찾아볼수가,Verb,1,1
찾아야,Verb,1,1
찾아야하는지,Verb,1,1
채널,Noun,1,1
채우기,Verb,1,1
채운,Noun,10,1
채운다,Verb,10,1
채워,Verb,10,1
책임,Noun,9,1
처럼,Josa,1,3
처럼,Josa,9,2
처럼,Josa,10,2
처럼,Noun,1,1
처럼,Noun,8,1
처럼,Noun,10,3
처음,Noun,1,16
처음,Noun,5,1
처음,Noun,6,1
처음,Noun,8,1
처음,Noun,9,3
처음,Noun,10,6
천지,Noun,1,1
천지,Noun,10,1
철학,Noun,10,1
첨,Adverb,9,1
첨,Adverb,10,1
첨부,Noun,10,1
첨으로,Adverb,10,1
첨이얐다,Noun,1,1
첫,Modifier,9,1
첫,Noun,1,2
첫,Noun,10,1
첫사랑,Noun,9,1
첫사랑,Noun,10,1
청년,Noun,1,1
청라,Noun,1,1
청아,Noun,10,1
체고,Noun,1,1
체적,Noun,1,1
체적,Noun,4,1
쳐,Verb,1,6
쳐,Verb,9,1
쳐,Verb,10,1
쳐도,Verb,10,1
쳐주세요,Verb,9,1
쳤네,Verb,10,1
초,Noun,1,4
초,Noun,8,1
초등,Noun,8,1
초등학교,Noun,1,1
초등학생,Noun,1,3
초딩,Noun,1,7
초딩,Noun,6,1
초딩,Noun,10,1
초라했고,Adjective,1,1
초록,Noun,10,1
초반,Noun,1,12
초반,Noun,2,1
초반,Noun,3,1
초반,Noun,9,1
초반,Noun,10,4
초인,Noun,4,1
촌스러워서,Adjective,1,1
촌스럽고,Adjective,1,2
촌스럽다,Adjective,1,1
총,Modifier,1,1
총,Modifier,4,1
총성,Noun,1,1
총알,Noun,1,3
총알,Noun,10,1
촬영,Noun,1,1
최,Noun,1,1
최,Noun,10,1
최강,Noun,1,1
최강,Noun,10,2
최고,Noun,1,2
최고,Noun,8,3
최고,Noun,9,4
최고,Noun,10,30
최고다,Noun,1,1
최고다,Noun,10,5
최근,Noun,1,2
최근,Noun,7,1
최근,Noun,10,3
최대,Noun,10,1
최면,Noun,10,1
최악,Noun,1,20
최종,Noun,1,1
최후,Noun,1,1
최후,Noun,9,1
추석,Noun,1,1
추억,Noun,1,1
추억,Noun,7,1
추억,Noun,10,1
추천,Noun,1,8
추천,Noun,3,1
추천,Noun,10,6
추합니다,Adjective,10,1
추해요,Adjective,10,1
축,Noun,9,1
축제,Noun,10,1
출동,Noun,1,1
출시,Noun,1,1
출신,Noun,1,1
출연,Noun,1,1
춤추는건,Verb,1,1
충,Noun,8,1
충,Noun,10,5
충돌,Noun,1,1
충분한,Adjective,9,1
충분할듯,Adjective,1,1
충분히,Adjective,8,1
충분히,Adjective,9,1
충분히,Adjective,10,4
춰,Verb,9,1
취향,Noun,1,1
취향,Noun,6,1
치고,Josa,10,1
치고는,Josa,1,2
치곤,Verb,1,1
치면,Noun,1,1
치킨,Noun,1,1
치타,Noun,10,1
친구,Noun,1,1
친숙한,Adjective,9,1
친일파,Noun,1,1
친척,Noun,10,1
친해질,Verb,1,1
침,Noun,1,1
칩니다,Verb,10,1
칭찬,Noun,4,1
카리스마,Noun,1,1
카타르,Noun,10,1
카터,Noun,10,1
칼,Noun,1,1
캐리,Noun,1,1
캐리,Noun,9,1
캐리,Noun,10,1
캐리비안,Noun,8,1
캐리비안,Noun,10,1
캐릭,Noun,1,3
캐릭,Noun,8,1
캐릭,Noun,10,1
캐릭터,Noun,1,5
캐릭터,Noun,4,1
캐릭터,Noun,8,2
캐릭터,Noun,9,2
캐릭터,Noun,10,4
캐비,Noun,10,1
캐스팅,Noun,1,3
캐스팅,Noun,6,1
캐스팅,Noun,7,3
캐스팅,Noun,8,2
캐스팅,Noun,9,4
캐스팅,Noun,10,11
캐치,Noun,10,1
캡,Noun,10,1
캡마,Noun,10,1
캡아가,Verb,8,1
캡틴,Noun,8,1
캡틴,Noun,10,1
캡틴마블,Noun,10,1
캡틴아메리카,Noun,1,1
캡틴아메리카,Noun,10,2
캬,Noun,10,1
커버,Noun,10,1
커플,Noun,1,1
컨셉,Noun,1,1
컵,Noun,10,1
컸던,Verb,2,1
케릭,Noun,10,1
케미,Noun,8,1
코,Noun,1,1
코니닐슨,Noun,10,1
코드,Noun,1,1
코미디,Noun,1,3
코믹,Noun,10,1
코믹스,Noun,8,1
코믹스,Noun,9,1
코믹스,Noun,10,1
코알라,Noun,1,1
콧수염,Noun,1,2
쾌,Noun,10,1
쿡,Noun,10,1
쿼드로,Noun,6,1
퀄리티,Noun,1,1
퀄리티,Noun,10,1
퀸동님,Noun,10,1
큐,Noun,4,1
크게,Noun,7,1
크다,Verb,1,1
크러쉬,Noun,8,1
크러쉬,Noun,9,1
크러쉬,Noun,10,8
크로스,Noun,1,1
크리스,Noun,1,1
크리스,Noun,8,2
크리스,Noun,10,8
크면,Verb,1,1
크인거,Verb,1,1
크지,Verb,10,1
큰,Verb,1,1
큰,Verb,10,2
클라,Verb,1,1
클래식,Noun,1,1
클레멘타인,Noun,1,1
킥,Noun,1,1
킬링타임,Noun,1,1
킬링타임,Noun,4,1
킹스,Noun,10,1
타,Noun,1,1
타고,Noun,1,1
타는줄,Verb,10,1
타령,Noun,1,1
타오르는,Verb,10,1
타인,Noun,3,1
타임,Noun,1,2
타임,Noun,6,1
타입,Noun,9,1
타입,Noun,10,1
탁월한,Adjective,1,1
탄,Verb,1,1
탄,Verb,9,1
탄,Verb,10,1
탄생,Noun,8,1
탄생,Noun,9,1
탄생,Noun,10,6
탄탄하고,Adjective,10,1
탄탄하지,Adjective,1,1
탄탄하지도,Adjective,1,1
탄탄함,Adjective,9,1
탄탄합니다,Adjective,10,1
탑인듯,Verb,10,1
태도,Noun,1,1
태어나,Verb,1,1
태어나서,Verb,1,3
태어나서,Verb,10,1
태어난,Verb,10,2
태어난것,Verb,10,1
태어난듯,Verb,10,1
탱커,Noun,10,1
터,Noun,1,2
터,Noun,10,2
터지고,Verb,10,1
터짐,Verb,8,1
터짐,Verb,10,1
털리고,Verb,1,1
털림,Verb,1,1
테,Noun,4,1
테러,Noun,10,3
테마,Noun,10,4
테마음악,Noun,10,1
테이블,Noun,9,1
토,Noun,1,2
토대,Noun,1,1
토마토,Noun,10,1
통,Noun,1,1
통쾌하다니,Adjective,10,1
통틀어,Noun,10,2
통함,Noun,9,1
퇴장,Noun,1,1
투성이,Noun,1,1
투신,Noun,1,2
투신,Noun,9,2
튕겨내,Noun,10,1
트,Noun,10,2
트랜스포머,Noun,10,1
트레버,Noun,10,1
트렌스포머,Noun,8,1
트릴로지,Noun,10,1
특공대,Noun,10,1
특별하지,Adjective,8,1
특별한,Adjective,10,1
특별했던,Adjective,8,1
특선,Noun,1,1
특유,Noun,1,1
특유,Noun,9,1
특유,Noun,10,1
특이한,Adjective,6,1
특징,Noun,4,1
특출나지도,Adjective,4,1
특히,Adverb,1,2
특히,Adverb,9,1
특히,Adverb,10,2
튼,Verb,1,1
틀,Noun,1,1
틀어,Verb,1,1
틈,Noun,8,1
틈,Noun,10,2
티,Noun,1,1
티,Noun,10,1
티겟값,Noun,10,1
티나,Noun,6,1
티비,Noun,1,2
티비,Noun,10,1
틱,Suffix,1,1
파,Noun,1,3
파괴,Noun,8,1
파야,Verb,1,1
파워,Noun,1,2
파워,Noun,3,1
파워,Noun,10,1
파워레인저,Noun,1,4
파워워킹,Noun,1,1
파인,Verb,8,1
파인,Verb,10,3
파인도,Verb,10,1
파인은,Verb,10,2
파인의,Verb,8,1
파인의,Verb,10,1
파인이랑,Verb,1,1
팔,Modifier,1,1
팔,Noun,10,1
팔레스타인,Noun,1,2
팔이,Noun,1,1
팔찌,Noun,1,2
팔찌,Noun,10,1
팝콘,Noun,1,1
팝콘,Noun,10,1
패,Noun,1,1
패감,Noun,1,1
팩트,Noun,9,1
팬,Noun,1,2
팬,Noun,7,1
팬,Noun,9,1
팬,Noun,10,1
팬임,Noun,10,1
퍼,PreEomi,1,1
퍼부어,Noun,1,1
퍼스트,Noun,1,1
퍼스트,Noun,9,1
퍼스트,Noun,10,2
퍼스트어벤져,Noun,9,1
퍼시픽,Noun,1,1
퍼펙트,Noun,10,1
페미,Noun,10,1
페미니스트,Noun,10,1
페미니즘,Noun,6,1
페미니즘,Noun,10,3
페이스,Noun,10,1
펴,Verb,1,1
편,Noun,1,1
편,Noun,9,1
편,Noun,10,1
편도,Noun,10,1
편이,Noun,6,1
편이,Noun,9,1
편집,Noun,1,2
펼치는,Verb,10,1
평,Noun,1,3
평,Noun,10,2
평가,Noun,1,2
평가,Noun,5,1
평균,Noun,1,1
평론가,Noun,1,3
평론가,Noun,10,1
평범하지만,Adjective,9,1
평생,Noun,1,1
평소,Noun,1,1
평소,Noun,10,2
평이,Noun,1,5
평이,Noun,2,1
평이,Noun,4,1
평이,Noun,10,1
평작,Noun,5,1
평점,Noun,1,69
평점,Noun,2,1
평점,Noun,3,2
평점,Noun,8,1
평점,Noun,10,23
평타,Noun,10,1
평화,Noun,1,2
평화,Noun,9,1
포,Noun,10,1
포기,Noun,7,1
포인트,Noun,10,2
포즈,Noun,1,1
포켓몬스터,Noun,1,1
폭격,Noun,1,2
폭격,Noun,10,1
폭망,Noun,1,1
폭발,Noun,9,1
폭발,Noun,10,2
표,Noun,10,1
표정,Noun,1,1
표현,Modifier,9,1
표현,Modifier,10,1
표현,Noun,8,1
표현,Noun,9,1
표현,Noun,10,4
푹,Noun,1,2
풀,Noun,10,3
풀린다,Verb,10,1
풀어,Verb,6,1
풀어,Verb,10,1
풀어내지,Verb,1,1
풀어진것,Verb,10,1
풀었나,Verb,1,1
풀었나,Verb,10,1
풀었다고,Verb,1,1
풍,Adverb,1,2
풍경,Noun,1,1
프로,Noun,1,1
플롯,Noun,1,3
피,Noun,1,1
피곤하게,Adjective,10,1
피곤하고,Adjective,1,1
피난,Noun,1,1
피로했었는데,Adjective,10,1
피플,Noun,9,1
필요,Noun,1,1
필요,Noun,10,1
필요없는,Adjective,1,1
필요없다,Adjective,10,1
필요없어요,Adjective,10,1
필요없음,Adjective,1,1
필요한,Adjective,10,2
하,Exclamation,1,7
하,Exclamation,10,3
하,Suffix,1,6
하,Suffix,10,4
하게,Verb,9,1
하게,Verb,10,2
하겠지만,Verb,9,1
하고,Josa,1,16
하고,Josa,4,2
하고,Josa,5,1
하고,Josa,7,1
하고,Josa,8,1
하고,Josa,10,10
하고,Verb,1,5
하고,Verb,10,3
하고도,Josa,10,1
하고아,Verb,10,1
하고자,Verb,9,1
하구나,Verb,1,1
하기,Verb,1,2
하기,Verb,10,3
하기가,Verb,3,1
하기도,Verb,10,1
하기에,Verb,1,1
하기엔,Verb,10,1
하긴,Verb,1,1
하긴,Verb,9,1
하길,Verb,1,2
하나,Noun,1,15
하나,Noun,4,2
하나,Noun,7,1
하나,Noun,9,1
하나,Noun,10,7
하나같이,Adverb,1,2
하냐,Verb,2,1
하네,Verb,10,1
하네요,Verb,6,1
하네요,Verb,10,1
하는,Verb,1,14
하는,Verb,4,1
하는,Verb,5,1
하는,Verb,9,2
하는,Verb,10,6
하는거,Verb,1,1
하는거,Verb,10,1
하는거아냐,Verb,1,1
하는건,Verb,1,1
하는것,Verb,10,1
하는게,Verb,1,2
하는게,Verb,8,1
하는군,Verb,10,1
하는대로,Verb,10,1
하는데,Verb,1,3
하는데,Verb,5,1
하는데,Verb,8,1
하는지,Verb,1,3
하늘,Noun,10,1
하다,Verb,1,2
하다,Verb,3,1
하다,Verb,8,1
하다,Verb,10,1
하다가,Verb,10,1
하다는,Verb,9,1
하더니,Verb,10,1
하던데,Verb,1,1
하던지,Verb,1,1
하도,Verb,10,1
하드,Noun,1,1
하드캐리,Noun,8,1
하려고,Verb,10,1
하며,Verb,10,1
하면,Verb,1,1
하면,Verb,5,1
하면,Verb,9,1
하면,Verb,10,3
하면서,Verb,1,2
하면서,Verb,9,1
하면서,Verb,10,1
하셨네,Verb,8,1
하셨으면,Verb,1,1
하시는,Verb,1,2
하옵소서,Verb,1,1
하자,Verb,10,2
하자면,Verb,4,1
하자면,Verb,10,1
하지,Verb,1,1
하지마,Verb,5,1
하지만,Conjunction,1,1
하지만,Conjunction,7,1
하지만,Conjunction,8,1
하지만,Conjunction,9,1
하지만,Conjunction,10,3
하지말고,Verb,10,1
하차,Noun,10,1
학년,Noun,1,1
한,Determiner,1,10
한,Determiner,4,1
한,Determiner,5,2
한,Determiner,6,1
한,Determiner,7,1
한,Determiner,8,1
한,Determiner,9,2
한,Determiner,10,9
한,Josa,1,10
한,Josa,2,1
한,Josa,3,1
한,Josa,8,1
한,Josa,9,5
한,Josa,10,12
한,Modifier,1,1
한,Modifier,8,1
한,Verb,1,7
한,Verb,4,1
한,Verb,7,1
한,Verb,10,2
한가지,Noun,1,1
한개,Modifier,1,1
한국,Noun,1,1
한국영,Noun,10,1
한글,Noun,10,1
한다,Verb,1,1
한다,Verb,3,1
한다,Verb,5,1
한다,Verb,10,2
한다고,Verb,8,1
한다고,Verb,10,1
한다는,Modifier,1,1
한다는,Modifier,10,1
한다면,Verb,5,1
한데,Eomi,10,1
한듯,Verb,10,1
한마디,Noun,1,1
한마디,Noun,10,3
한번,Noun,1,1
한번,Noun,8,2
한번,Noun,9,1
한번,Noun,10,3
한수,Noun,9,1
한수,Noun,10,1
한수였네,Verb,10,1
한수인,Noun,9,1
한순간,Noun,10,1
한숨,Noun,1,2
한스,Noun,10,1
한시,Noun,10,1
한심하다,Adjective,10,1
한심해지는,Adjective,1,1
한없이,Adverb,1,1
한인식,Noun,10,1
한지,Noun,1,2
한테,Josa,1,6
한테,Josa,4,1
한테,Josa,10,3
할,Verb,1,9
할,Verb,6,1
할,Verb,7,1
할,Verb,10,8
할거,Verb,10,1
할래,Verb,10,1
할리퀀,Noun,9,1
할리퀸,Noun,8,1
할리퀸,Noun,10,2
할만,Verb,1,1
할만큼,Verb,10,1
할배,Noun,1,3
할수가,Verb,1,2
할수있고,Verb,9,1
할수있다,Verb,1,1
할수있어,Verb,10,1
할줄이야,Verb,1,1
할테니,Verb,8,2
할테니,Verb,10,3
함,Noun,1,9
함,Noun,5,1
함,Noun,9,1
함,Noun,10,10
함,Verb,1,1
함,Verb,10,1
함께,Adverb,8,2
함께,Adverb,9,1
함께,Adverb,10,1
함이겠지만,Verb,1,1
함장,Noun,10,1
합,Noun,1,1
합니다,Verb,1,4
합니다,Verb,8,1
합니다,Verb,10,3
항상,Noun,1,3
해,Noun,1,1
해,Noun,9,1
해,Noun,10,2
해,Verb,1,1
해,Verb,3,1
해,Verb,10,3
해가는데,Verb,10,1
해내긴,Verb,1,1
해낸것,Verb,9,1
해냈다,Verb,1,1
해냈다,Verb,8,1
해냈다,Verb,10,1
해냈다라는,Verb,1,1
해냈습니다,Verb,10,4
해냈어요,Verb,10,1
해놓고,Verb,1,2
해도,Noun,10,1
해도,Verb,1,1
해도,Verb,10,1
해드리고,Verb,10,1
해라,Verb,10,1
해먹,Noun,5,1
해보는,Verb,10,1
해보아도,Verb,3,1
해볼만,Verb,9,1
해서,Verb,1,9
해서,Verb,9,1
해서,Verb,10,2
해안가,Noun,1,1
해야,Verb,1,3
해야,Verb,9,1
해야,Verb,10,2
해야되,Verb,1,1
해외,Noun,10,2
해요,Verb,10,2
해적,Noun,10,1
해주고,Verb,1,1
해주고싶지,Verb,1,1
해주길,Verb,10,2
해주는,Verb,1,1
해주는,Verb,9,1
해주세요,Verb,10,1
해준,Verb,10,1
해줬다,Verb,10,1
핵,Noun,1,8
핵,Noun,10,1
핵노,Noun,1,1
핵심,Noun,1,1
핵잼,Noun,10,2
핵핵핵핵,Noun,1,1
햇,Noun,1,1
햇,Noun,10,3
했고,Verb,10,1
했고요,Verb,9,1
했구나,Verb,1,1
했군,Verb,9,1
했나,Verb,10,1
했는데,Verb,1,4
했는데,Verb,9,1
했는데,Verb,10,4
했는지,Verb,10,1
했다,Verb,1,3
했다,Verb,8,3
했다,Verb,9,2
했다,Verb,10,6
했다가,Verb,10,1
했던,Verb,10,1
했던것,Verb,10,1
했던말이,Verb,10,1
했습니다,Verb,10,1
했어야,Verb,9,1
했어야지,Verb,10,1
했어요,Verb,5,1
했어요,Verb,8,1
했어요,Verb,9,1
했었는데,Verb,2,1
했으나,Verb,1,2
했으나,Verb,10,1
했으면,Verb,1,1
했으면,Verb,10,1
했을,Verb,1,1
했을것이다,Verb,1,1
했음,Verb,8,1
했지,Verb,1,1
했지,Verb,10,1
했지만,Verb,1,1
행동,Noun,1,2
행복하다,Adjective,10,2
행복함,Adjective,10,1
햐,Noun,1,1
향,Noun,10,2
향연,Noun,1,1
향후,Noun,9,1
허,Verb,1,2
허,Verb,10,1
헐리웃,Noun,1,2
헐크,Noun,8,1
헐크,Noun,10,1
헛,Noun,1,2
헛소리,Noun,1,2
헛웃음,Noun,1,3
헷갈렸습니다,Adjective,1,1
현,Modifier,1,1
현대,Noun,10,1
현실,Noun,1,3
현실,Noun,7,1
현실,Noun,9,1
현실,Noun,10,1
현장,Noun,1,1
혐,Noun,2,1
형,Noun,1,1
형,Noun,10,1
형,Suffix,10,1
호,Noun,8,1
호강,Noun,10,1
호의,Noun,10,1
호쾌,Noun,10,1
호평,Noun,1,1
혹평,Noun,1,1
혹평,Noun,9,1
혼자,Noun,1,6
혼자,Noun,8,1
혼자,Noun,9,1
혼자,Noun,10,1
홍보,Noun,10,1
화,Suffix,1,1
화,Suffix,10,2
화가,Noun,10,1
화란,Noun,9,1
화려하고,Adjective,10,1
화려하네여,Adjective,10,1
화려하지만,Adjective,6,1
화려한,Adjective,1,1
화려한,Adjective,9,1
화려한,Adjective,10,2
화면,Noun,10,1
화보,Noun,1,3
화보,Noun,7,1
화장실,Noun,1,1
화장실,Noun,7,1
화투,Noun,10,1
화평,Noun,1,1
확신,Noun,1,1
확신,Noun,3,1
확실한,Adjective,9,1
확실한건,Adjective,8,1
확실한건,Adjective,9,1
확실히,Adjective,1,1
확실히,Adjective,9,1
확실히,Adjective,10,2
확확,Adverb,10,1
환상,Noun,1,1
환잔,Noun,1,1
환장하겠다,Adjective,1,1
활동,Noun,1,1
활보,Noun,10,1
활활,Noun,10,1
황당,Noun,5,1
횃불,Noun,10,1
회상,Noun,1,1
회수,Noun,1,1
효과,Noun,10,2
후,Noun,1,2
후,Noun,7,1
후,Noun,10,2
후기,Noun,1,2
후기,Noun,10,1
후레쉬맨,Noun,1,1
후려칠,Verb,10,1
후뢰시맨,Noun,1,1
후반,Noun,1,11
후반,Noun,2,1
후반,Noun,8,1
후반,Noun,9,2
후반,Noun,10,10
후속작,Noun,8,1
후회,Noun,1,3
후회,Noun,10,5
훌륭,Noun,7,2
훌륭하네요,Adjective,10,1
훌륭한,Adjective,1,1
훌륭한,Adjective,8,1
훌쩍,Noun,9,1
훨,Noun,1,1
훨,Noun,8,1
훨,Noun,10,1
훨배낫더,Noun,1,1
훨씬,Adverb,1,2
훨씬,Adverb,8,1
훨씬,Adverb,10,6
휴,Exclamation,1,1
휴머니즘,Noun,10,1
흐름,Noun,1,2
흑백,Noun,10,1
흑역사,Noun,1,1
흘러가는,Verb,1,1
흘러가던데,Verb,10,1
흘러가서,Verb,10,1
흘리면서,Verb,7,1
흥,Noun,10,2
흥미,Noun,1,3
흥미진진,Noun,10,1
흥행,Noun,10,1
희,Adjective,1,1
희망,Noun,10,3
희망이,Noun,1,1
희망이,Noun,10,1
희생,Noun,10,1
히,Adverb,10,1
히로,Noun,9,1
히로인,Noun,8,1
히로인,Noun,9,1
히어로,Noun,1,23
히어로,Noun,4,1
히어로,Noun,7,2
히어로,Noun,8,5
히어로,Noun,9,15
히어로,Noun,10,59
힐링,Noun,1,1
힘,Noun,9,1
힘,Noun,10,1
힘들,Adjective,1,1
힘들다,Adjective,1,1
힘들다,Adjective,3,1
힘들듯,Adjective,9,1
힘주고,Verb,1,1
